Year,Camera,TrapIn,TrapOut
2006,31,07/06/2006 09:06,07/06/2006 10:09
2006,50,07/06/2006 09:16,07/06/2006 10:08
2006,51,01/06/2006 10:17,01/06/2006 10:57
2006,60,07/06/2006 08:57,07/06/2006 09:01
2007,3,18/06/2007 11:49,29/06/2007 16:00
2007,4,06/06/2007 09:07,06/06/2007 09:26
2007,4,08/06/2007 15:54,08/06/2007 17:02
2007,8,04/05/2007 11:44,04/05/2007 13:38
2007,17,07/05/2007 08:56,07/05/2007 10:55
2007,17,11/05/2007 10:08,11/05/2007 13:02
2007,18,11/05/2007 10:03,11/05/2007 17:57
2007,19,02/05/2007 10:45,02/05/2007 17:31
2007,19,07/05/2007 08:57,07/05/2007 13:13
2007,20,27/04/2007 17:38,27/04/2007 19:51
2007,21,02/05/2007 11:28,02/05/2007 17:30
2007,21,04/05/2007 12:02,04/05/2007 17:31
2007,22,07/05/2007 09:52,07/05/2007 13:21
2007,23,04/05/2007 11:30,04/05/2007 17:31
2007,23,06/05/2007 16:17,06/05/2007 19:55
2007,24,11/05/2007 10:10,11/05/2007 17:54
2007,24,08/06/2007 16:17,08/06/2007 17:03
2007,25,27/04/2007 17:59,27/04/2007 18:38
2007,25,28/04/2007 09:30,28/04/2007 11:32
2007,26,11/05/2007 10:08,11/05/2007 17:53
2007,27,27/04/2007 17:56,27/04/2007 18:29
2007,27,28/04/2007 08:55,28/04/2007 10:50
2007,28,04/05/2007 12:37,04/05/2007 17:39
2007,28,06/05/2007 16:17,06/05/2007 18:03
2007,28,07/05/2007 09:05,07/05/2007 13:16
2007,28,11/06/2007 09:31,11/06/2007 10:21
2007,29,04/05/2007 12:18,06/05/2007 16:18
2007,29,06/05/2007 16:19,06/05/2007 20:03
2007,29,12/06/2007 16:06,12/06/2007 16:20
2007,30,07/05/2007 09:01,07/05/2007 13:10
2007,31,02/05/2007 10:59,02/05/2007 17:22
2007,31,11/05/2007 10:14,11/05/2007 17:59
2007,32,06/05/2007 16:19,06/05/2007 16:26
2007,33,28/04/2007 09:04,28/04/2007 10:57
2007,33,29/04/2007 10:45,29/04/2007 16:12
2007,34,02/05/2007 10:47,02/05/2007 17:21
2007,35,29/04/2007 10:39,29/04/2007 11:15
2007,35,29/04/2007 16:37,29/04/2007 17:40
2007,35,30/04/2007 12:48,30/04/2007 18:01
2007,35,07/05/2007 09:06,08/05/2007 14:56
2007,35,11/05/2007 10:11,11/05/2007 17:57
2007,36,29/04/2007 10:35,29/04/2007 11:57
2007,37,02/05/2007 10:50,02/05/2007 17:30
2007,38,29/04/2007 10:36,29/04/2007 11:14
2007,38,29/04/2007 16:34,29/04/2007 19:27
2007,38,15/05/2007 13:58,15/05/2007 16:55
2007,39,07/05/2007 09:47,07/05/2007 13:23
2007,39,13/05/2007 09:54,13/05/2007 11:34
2007,39,15/05/2007 08:05,15/05/2007 14:48
2007,40,04/05/2007 11:37,04/05/2007 15:16
2007,40,09/05/2007 10:11,09/05/2007 11:56
2007,40,11/05/2007 09:15,11/05/2007 11:46
2007,40,13/05/2007 09:51,13/05/2007 11:31
2007,41,04/05/2007 12:17,04/05/2007 17:30
2007,42,07/05/2007 09:09,07/05/2007 13:22
2007,42,15/05/2007 08:06,15/05/2007 17:20
2007,43,28/04/2007 08:54,28/04/2007 10:50
2007,43,07/05/2007 09:53,07/05/2007 10:57
2007,44,28/04/2007 10:13,28/04/2007 11:26
2007,44,24/05/2007 10:46,24/05/2007 12:53
2007,45,02/05/2007 11:21,02/05/2007 17:20
2007,46,15/05/2007 08:04,15/05/2007 14:49
2007,47,06/05/2007 16:20,06/05/2007 18:04
2007,47,07/05/2007 09:06,07/05/2007 13:18
2007,47,01/06/2007 11:44,01/06/2007 12:28
2007,47,06/06/2007 09:06,08/06/2007 12:43
2007,48,02/05/2007 10:43,02/05/2007 11:45
2007,48,02/05/2007 11:46,03/05/2007 15:16
2007,48,03/05/2007 16:18,03/05/2007 17:11
2007,48,06/05/2007 16:18,06/05/2007 18:07
2007,48,07/05/2007 08:59,07/05/2007 13:10
2007,49,06/05/2007 16:16,06/05/2007 18:09
2007,49,09/05/2007 10:14,09/05/2007 12:27
2007,50,28/04/2007 08:53,28/04/2007 11:33
2007,51,28/04/2007 09:32,28/04/2007 11:35
2007,52,02/05/2007 11:31,02/05/2007 17:28
2007,53,29/04/2007 10:43,29/04/2007 19:29
2007,55,28/04/2007 10:15,28/04/2007 11:34
2007,56,06/05/2007 16:39,06/05/2007 20:02
2007,57,02/05/2007 05:58,02/05/2007 10:45
2007,57,02/05/2007 10:45,02/05/2007 18:44
2007,57,04/05/2007 11:37,04/05/2007 17:40
2007,57,06/05/2007 16:08,06/05/2007 20:05
2007,58,02/05/2007 10:44,02/05/2007 17:33
2007,58,24/05/2007 10:44,24/05/2007 12:54
2007,59,30/04/2007 16:47,30/04/2007 17:17
2007,59,02/05/2007 11:19,02/05/2007 17:26
2007,59,04/05/2007 11:46,04/05/2007 18:19
2007,60,02/05/2007 11:13,02/05/2007 11:55
2007,60,03/05/2007 16:02,03/05/2007 19:22
2007,61,04/05/2007 11:47,04/05/2007 17:34
2007,61,07/05/2007 08:57,07/05/2007 10:54
2007,61,09/05/2007 10:16,09/05/2007 12:26
2007,64,13/05/2007 09:52,13/05/2007 11:32
2007,65,29/04/2007 16:34,29/04/2007 19:32
2007,65,07/05/2007 08:57,16/05/2007 16:33
2007,66,30/04/2007 12:54,30/04/2007 16:01
2007,67,06/05/2007 16:30,06/05/2007 18:11
2007,67,09/05/2007 10:25,09/05/2007 11:53
2007,67,11/05/2007 10:11,11/05/2007 17:59
2007,68,02/05/2007 10:59,02/05/2007 17:25
2007,69,30/04/2007 12:56,30/04/2007 18:00
2007,72,24/05/2007 12:08,24/05/2007 12:08
2007,73,28/04/2007 10:15,28/04/2007 11:36
2007,74,28/04/2007 09:30,28/04/2007 10:55
2007,74,29/04/2007 10:42,29/04/2007 16:13
2007,74,13/05/2007 10:18,13/05/2007 11:42
2007,75,06/05/2007 16:39,06/05/2007 20:02
2007,76,02/05/2007 11:11,02/05/2007 17:23
2007,77,04/05/2007 11:56,04/05/2007 17:26
2007,78,02/05/2007 10:48,02/05/2007 17:29
2007,78,08/06/2007 16:03,08/06/2007 16:10
2007,79,06/05/2007 16:10,06/05/2007 18:18
2007,79,07/05/2007 09:02,07/05/2007 13:15
2007,79,11/05/2007 10:02,11/05/2007 12:58
2007,80,02/05/2007 10:47,02/05/2007 11:47
2007,80,06/05/2007 16:18,06/05/2007 20:04
2008,2,28/04/2008 08:17,29/04/2008 08:12
2008,2,29/04/2008 08:13,29/04/2008 11:27
2008,2,30/04/2008 08:27,30/04/2008 12:40
2008,3,28/04/2008 08:17,28/04/2008 13:06
2008,4,28/04/2008 08:17,28/04/2008 11:42
2008,4,29/04/2008 08:13,29/04/2008 11:27
2008,4,30/04/2008 08:27,30/04/2008 12:40
2008,5,29/04/2008 08:13,29/04/2008 12:10
2008,5,22/05/2008 09:35,22/05/2008 10:39
2008,6,01/05/2008 08:06,01/05/2008 09:40
2008,6,02/05/2008 08:25,02/05/2008 11:39
2008,6,03/05/2008 08:25,03/05/2008 10:09
2008,7,24/04/2008 09:43,24/04/2008 10:54
2008,9,25/04/2008 12:01,25/04/2008 12:43
2008,9,28/04/2008 08:12,28/04/2008 13:10
2008,10,29/04/2008 08:20,29/04/2008 10:00
2008,12,28/04/2008 08:12,28/04/2008 12:03
2008,12,29/04/2008 08:20,29/04/2008 11:27
2008,12,30/04/2008 08:25,30/04/2008 10:43
2008,12,01/05/2008 08:07,01/05/2008 10:20
2008,13,19/05/2008 15:51,19/05/2008 17:54
2008,13,20/05/2008 12:37,20/05/2008 13:47
2008,14,05/05/2008 16:41,05/05/2008 17:43
2008,14,06/05/2008 08:36,06/05/2008 10:36
2008,14,06/05/2008 16:35,06/05/2008 17:08
2008,14,07/05/2008 08:34,07/05/2008 09:36
2008,15,01/05/2008 08:10,01/05/2008 09:42
2008,15,02/05/2008 08:24,02/05/2008 11:40
2008,15,03/05/2008 08:27,03/05/2008 10:10
2008,16,25/04/2008 12:02,25/04/2008 12:44
2008,16,28/04/2008 08:12,28/04/2008 10:42
2008,17,03/05/2008 08:26,03/05/2008 09:36
2008,17,05/05/2008 16:27,05/05/2008 17:40
2008,17,06/05/2008 08:36,06/05/2008 10:37
2008,17,06/05/2008 16:34,06/05/2008 18:20
2008,18,30/04/2008 09:06,30/04/2008 12:42
2008,18,14/05/2008 16:17,14/05/2008 16:48
2008,18,19/05/2008 15:50,19/05/2008 17:53
2008,18,20/05/2008 12:37,20/05/2008 13:25
2008,18,20/05/2008 16:36,20/05/2008 17:26
2008,18,21/05/2008 09:56,21/05/2008 11:34
2008,19,25/04/2008 12:11,25/04/2008 12:45
2008,19,28/04/2008 08:16,28/04/2008 11:47
2008,19,29/04/2008 08:26,29/04/2008 11:28
2008,19,30/04/2008 08:30,30/04/2008 10:45
2008,20,07/05/2008 08:32,07/05/2008 09:40
2008,21,05/05/2008 16:27,05/05/2008 17:40
2008,21,06/05/2008 08:36,06/05/2008 10:37
2008,21,06/05/2008 16:34,06/05/2008 18:20
2008,22,28/04/2008 08:09,28/04/2008 13:08
2008,23,28/04/2008 08:09,28/04/2008 10:40
2008,23,21/05/2008 09:56,21/05/2008 11:35
2008,24,29/04/2008 08:28,29/04/2008 09:58
2008,26,29/04/2008 08:13,29/04/2008 12:10
2008,27,29/04/2008 08:28,29/04/2008 12:10
2008,28,28/04/2008 08:14,28/04/2008 12:00
2008,28,29/04/2008 08:13,29/04/2008 09:56
2008,28,01/05/2008 09:03,01/05/2008 09:40
2008,28,20/05/2008 16:37,20/05/2008 18:00
2008,29,03/05/2008 08:28,03/05/2008 10:11
2008,30,25/04/2008 12:05,25/04/2008 12:45
2008,30,28/04/2008 08:14,28/04/2008 13:09
2008,32,28/04/2008 08:16,28/04/2008 11:47
2008,32,01/05/2008 08:10,01/05/2008 10:19
2008,33,28/04/2008 08:15,28/04/2008 13:08
2008,34,29/04/2008 08:15,29/04/2008 09:57
2008,35,28/04/2008 08:14,28/04/2008 10:42
2008,38,30/04/2008 08:32,30/04/2008 10:42
2008,38,01/05/2008 08:09,01/05/2008 09:41
2008,39,30/04/2008 08:32,30/04/2008 10:49
2008,39,01/05/2008 08:10,01/05/2008 10:20
2008,40,29/04/2008 08:26,29/04/2008 11:30
2008,40,30/04/2008 08:31,30/04/2008 10:40
2008,40,01/05/2008 08:10,01/05/2008 10:20
2008,41,29/04/2008 08:26,29/04/2008 11:30
2008,41,30/04/2008 08:31,30/04/2008 12:50
2008,42,21/05/2008 09:01,21/05/2008 10:53
2008,43,24/04/2008 09:41,24/04/2008 10:52
2008,44,29/04/2008 10:52,29/04/2008 11:31
2008,44,30/04/2008 08:32,30/04/2008 10:50
2008,44,01/05/2008 08:09,01/05/2008 09:40
2008,44,02/05/2008 08:25,02/05/2008 11:38
2008,44,21/05/2008 09:01,21/05/2008 11:37
2008,45,05/05/2008 16:40,05/05/2008 17:48
2008,45,06/05/2008 08:40,06/05/2008 11:18
2008,47,29/04/2008 08:16,29/04/2008 12:12
2008,48,29/04/2008 08:16,29/04/2008 09:57
2008,49,29/04/2008 08:20,29/04/2008 09:56
2008,50,01/05/2008 08:07,01/05/2008 09:00
2008,52,28/04/2008 08:15,28/04/2008 13:08
2008,53,29/04/2008 10:48,29/04/2008 11:28
2008,53,30/04/2008 08:28,30/04/2008 09:38
2008,58,28/04/2008 08:16,28/04/2008 10:47
2008,59,29/04/2008 08:27,29/04/2008 10:00
2008,60,28/04/2008 08:14,28/04/2008 10:47
2009,1,28/04/2009 10:21,28/04/2009 13:33
2009,1,28/04/2009 15:49,28/04/2009 19:29
2009,2,15/05/2009 09:07,15/05/2009 11:15
2009,3,10/05/2009 14:29,10/05/2009 16:27
2009,3,30/05/2009 16:15,30/05/2009 17:01
2009,4,05/05/2009 14:22,05/05/2009 18:54
2009,5,02/05/2009 07:29,02/05/2009 09:22
2009,6,07/05/2009 10:23,07/05/2009 14:35
2009,6,07/05/2009 14:56,07/05/2009 17:57
2009,6,26/05/2009 09:05,26/05/2009 12:59
2009,6,26/05/2009 12:59,06/06/2009 19:11
2009,6,29/06/2009 10:54,29/06/2009 11:10
2009,7,06/05/2009 14:42,06/05/2009 19:03
2009,7,07/05/2009 10:30,07/05/2009 14:44
2009,8,05/05/2009 14:25,05/05/2009 18:58
2009,8,06/05/2009 09:29,06/05/2009 12:01
2009,8,06/05/2009 14:22,06/05/2009 14:54
2009,9,05/05/2009 14:52,05/05/2009 16:15
2009,9,06/05/2009 09:27,06/05/2009 12:14
2009,10,09/05/2009 17:13,09/05/2009 18:55
2009,11,07/05/2009 13:52,07/05/2009 17:48
2009,12,29/04/2009 09:52,29/04/2009 13:47
2009,12,29/04/2009 17:09,29/04/2009 18:46
2009,13,05/05/2009 14:13,05/05/2009 14:20
2009,14,28/04/2009 15:55,28/04/2009 19:33
2009,15,29/04/2009 09:53,29/04/2009 13:42
2009,15,29/04/2009 17:12,29/04/2009 18:46
2009,15,15/05/2009 11:32,15/05/2009 11:32
2009,15,15/05/2009 11:32,15/05/2009 11:57
2009,15,03/06/2009 10:14,03/06/2009 10:42
2009,16,29/04/2009 09:57,29/04/2009 10:56
2009,17,27/04/2009 08:57,27/04/2009 13:09
2009,17,26/05/2009 09:05,26/05/2009 12:59
2009,18,05/05/2009 14:48,05/05/2009 15:13
2009,18,06/05/2009 10:03,06/05/2009 12:14
2009,19,05/05/2009 14:22,05/05/2009 14:38
2009,19,05/05/2009 14:52,05/05/2009 18:39
2009,19,18/05/2009 08:36,18/05/2009 12:31
2009,20,05/05/2009 15:00,05/05/2009 16:12
2009,21,28/04/2009 15:57,28/04/2009 19:32
2009,21,07/05/2009 13:39,07/05/2009 18:01
2009,22,29/04/2009 10:00,29/04/2009 13:45
2009,22,18/05/2009 08:57,18/05/2009 12:12
2009,22,19/05/2009 08:56,19/05/2009 10:29
2009,23,29/04/2009 09:50,29/04/2009 13:43
2009,23,29/04/2009 17:50,29/04/2009 18:44
2009,26,06/05/2009 09:31,06/05/2009 12:01
2009,26,06/05/2009 14:31,06/05/2009 16:37
2009,27,25/04/2009 09:38,25/04/2009 16:14
2009,28,02/05/2009 08:27,02/05/2009 11:20
2009,28,07/05/2009 10:27,07/05/2009 11:23
2009,28,15/05/2009 09:07,15/05/2009 10:39
2009,29,02/05/2009 07:25,02/05/2009 11:20
2009,30,29/04/2009 09:55,29/04/2009 12:09
2009,30,03/05/2009 07:56,03/05/2009 11:18
2009,30,07/05/2009 13:37,07/05/2009 17:56
2009,31,05/05/2009 14:23,05/05/2009 16:14
2009,31,06/05/2009 09:27,06/05/2009 12:13
2009,31,06/05/2009 14:21,06/05/2009 16:01
2009,31,06/05/2009 16:03,06/05/2009 19:01
2009,31,07/05/2009 10:27,07/05/2009 17:56
2009,31,21/06/2009 10:40,21/06/2009 12:09
2009,32,27/04/2009 08:52,27/04/2009 13:33
2009,33,28/04/2009 15:52,28/04/2009 17:47
2009,33,29/04/2009 09:57,29/04/2009 13:48
2009,33,29/04/2009 17:12,29/04/2009 18:46
2009,33,05/05/2009 15:23,05/05/2009 16:05
2009,33,06/05/2009 09:31,06/05/2009 12:02
2009,33,26/05/2009 09:06,26/05/2009 13:00
2009,34,29/04/2009 16:01,29/04/2009 18:45
2009,34,02/05/2009 07:26,02/05/2009 11:20
2009,34,28/05/2009 10:55,28/05/2009 11:13
2009,34,28/05/2009 12:16,28/05/2009 12:48
2009,35,06/05/2009 09:26,06/05/2009 12:11
2009,36,28/04/2009 10:23,28/04/2009 13:35
2009,36,07/05/2009 13:42,07/05/2009 14:13
2009,36,09/05/2009 17:02,09/05/2009 17:58
2009,37,03/05/2009 07:57,03/05/2009 11:18
2009,38,05/05/2009 14:19,05/05/2009 18:55
2009,38,11/05/2009 16:50,11/05/2009 17:01
2009,38,12/05/2009 09:43,12/05/2009 13:17
2009,39,05/05/2009 14:22,05/05/2009 16:14
2009,39,06/05/2009 09:28,06/05/2009 12:01
2009,39,06/05/2009 14:20,06/05/2009 18:41
2009,39,07/05/2009 10:26,07/05/2009 17:26
2009,40,27/04/2009 08:55,27/04/2009 13:12
2009,40,28/04/2009 10:28,28/04/2009 11:46
2009,40,28/04/2009 15:55,28/04/2009 19:27
2009,41,29/04/2009 10:13,29/04/2009 13:44
2009,41,29/04/2009 15:55,29/04/2009 17:03
2009,41,06/05/2009 16:17,06/05/2009 19:03
2009,42,29/04/2009 09:53,29/04/2009 10:58
2009,42,29/04/2009 16:09,29/04/2009 18:40
2009,42,02/05/2009 07:23,02/05/2009 11:23
2009,42,26/05/2009 09:06,26/05/2009 12:59
2009,43,25/04/2009 09:36,25/04/2009 14:07
2009,43,27/04/2009 10:04,27/04/2009 13:10
2009,44,28/04/2009 10:23,28/04/2009 13:34
2009,44,29/04/2009 17:08,29/04/2009 18:47
2009,45,29/04/2009 10:02,29/04/2009 13:45
2009,46,10/05/2009 14:25,10/05/2009 16:13
2009,47,28/04/2009 10:28,28/04/2009 13:36
2009,47,03/05/2009 08:03,03/05/2009 11:20
2009,47,03/06/2009 10:13,03/06/2009 10:22
2009,48,28/04/2009 15:56,28/04/2009 19:30
2009,49,28/04/2009 17:02,28/04/2009 17:47
2009,49,29/04/2009 15:58,29/04/2009 18:46
2009,49,02/06/2009 16:48,02/06/2009 17:00
2009,50,05/05/2009 15:06,05/05/2009 18:59
2009,50,30/05/2009 15:57,30/05/2009 16:15
2009,51,03/05/2009 08:07,03/05/2009 11:21
2009,52,29/04/2009 09:58,29/04/2009 12:31
2009,52,03/05/2009 08:05,03/05/2009 09:42
2009,52,05/05/2009 14:32,05/05/2009 16:09
2009,52,07/05/2009 10:29,07/05/2009 14:15
2009,52,11/05/2009 16:56,11/05/2009 18:24
2009,53,05/05/2009 15:23,05/05/2009 19:00
2009,53,07/05/2009 13:42,07/05/2009 18:03
2009,54,28/04/2009 10:24,28/04/2009 12:49
2009,54,28/04/2009 10:24,28/04/2009 17:02
2009,54,05/05/2009 15:23,05/05/2009 16:04
2009,54,06/05/2009 09:33,06/05/2009 12:06
2009,54,06/05/2009 14:31,06/05/2009 16:29
2009,54,09/05/2009 17:03,09/05/2009 17:59
2009,54,11/05/2009 16:57,11/05/2009 17:36
2009,54,12/05/2009 09:54,12/05/2009 13:18
2009,54,21/06/2009 10:44,21/06/2009 11:58
2009,56,29/04/2009 16:02,29/04/2009 18:45
2009,58,03/05/2009 08:00,15/05/2009 10:00
2009,59,06/05/2009 09:31,06/05/2009 12:12
2009,60,28/04/2009 17:02,28/04/2009 19:32
2009,60,28/04/2009 17:02,28/04/2009 19:32
2009,61,27/04/2009 08:55,27/04/2009 13:35
2009,62,28/04/2009 17:02,28/04/2009 19:31
2009,62,29/04/2009 15:58,29/04/2009 18:48
2009,64,28/04/2009 17:02,28/04/2009 19:12
2009,64,29/04/2009 15:57,29/04/2009 18:47
2009,64,02/06/2009 16:51,02/06/2009 17:20
2009,65,25/04/2009 09:39,25/04/2009 16:16
2009,66,29/04/2009 09:54,29/04/2009 12:15
2009,68,29/04/2009 09:53,29/04/2009 12:12
2009,68,02/05/2009 07:21,02/05/2009 11:24
2009,68,06/05/2009 09:53,06/05/2009 12:09
2009,70,25/04/2009 12:46,25/04/2009 16:22
2009,72,29/04/2009 09:52,29/04/2009 13:47
2009,72,29/04/2009 17:08,29/04/2009 18:49
2009,72,06/05/2009 09:53,06/05/2009 12:15
2009,77,03/05/2009 08:04,03/05/2009 09:40
2009,77,05/05/2009 14:30,05/05/2009 16:08
2009,77,06/05/2009 09:30,06/05/2009 12:03
2009,77,06/05/2009 14:34,06/05/2009 16:40
2009,77,15/05/2009 10:35,15/05/2009 11:14
2009,79,27/04/2009 08:54,27/04/2009 13:35
2009,80,29/04/2009 15:56,29/04/2009 18:43
2009,81,25/04/2009 09:41,25/04/2009 16:23
2009,81,28/04/2009 15:54,28/04/2009 17:48
2009,81,29/04/2009 09:58,29/04/2009 12:26
2009,82,29/04/2009 16:03,29/04/2009 18:49
2009,83,29/04/2009 09:52,29/04/2009 13:47
2009,83,29/04/2009 17:06,29/04/2009 18:50
2009,83,05/05/2009 15:38,05/05/2009 16:04
2009,83,06/05/2009 09:25,06/05/2009 12:07
2009,83,06/05/2009 14:07,06/05/2009 16:21
2009,84,28/04/2009 10:20,28/04/2009 13:33
2009,84,05/05/2009 14:14,05/05/2009 16:01
2009,84,06/05/2009 09:25,06/05/2009 12:05
2009,84,06/05/2009 14:16,06/05/2009 15:00
2009,85,28/04/2009 10:29,28/04/2009 13:35
2009,85,19/05/2009 09:29,19/05/2009 10:29
2009,86,05/05/2009 14:37,05/05/2009 18:58
2009,87,02/05/2009 07:28,02/05/2009 11:21
2009,88,05/05/2009 14:38,05/05/2009 18:59
2009,89,25/04/2009 09:39,25/04/2009 16:18
2009,90,12/05/2009 09:55,12/05/2009 10:31
2009,90,12/05/2009 12:37,12/05/2009 13:19
2009,91,24/04/2009 10:51,24/04/2009 10:51
2009,91,28/04/2009 15:51,28/04/2009 19:30
2009,91,05/05/2009 14:29,05/05/2009 19:01
2009,92,02/05/2009 07:31,02/05/2009 09:16
2009,92,03/05/2009 08:00,03/05/2009 09:40
2009,92,05/05/2009 14:35,05/05/2009 19:00
2009,92,07/05/2009 12:50,07/05/2009 18:02
2009,93,29/04/2009 16:13,29/04/2009 18:47
2010,1,09/05/2010 18:20,09/05/2010 19:38
2010,1,20/05/2010 10:29,20/05/2010 11:44
2010,1,20/05/2010 13:07,20/05/2010 13:07
2010,1,24/05/2010 09:33,24/05/2010 10:48
2010,2,08/05/2010 08:49,08/05/2010 17:16
2010,2,09/05/2010 09:09,09/05/2010 11:11
2010,2,09/05/2010 14:32,09/05/2010 19:23
2010,2,08/06/2010 10:21,08/06/2010 11:36
2010,3,25/05/2010 13:32,25/05/2010 17:14
2010,4,13/05/2010 10:10,13/05/2010 16:35
2010,4,25/05/2010 13:27,25/05/2010 15:33
2010,5,08/05/2010 08:33,08/05/2010 11:10
2010,5,08/05/2010 15:22,08/05/2010 17:11
2010,5,09/05/2010 08:44,09/05/2010 11:02
2010,5,09/05/2010 14:26,09/05/2010 15:57
2010,5,24/05/2010 09:06,24/05/2010 13:23
2010,6,28/05/2010 10:00,28/05/2010 13:26
2010,6,08/06/2010 10:16,08/06/2010 10:18
2010,7,06/05/2010 11:36,06/05/2010 12:47
2010,7,07/05/2010 13:52,07/05/2010 17:32
2010,7,02/06/2010 10:03,02/06/2010 13:07
2010,8,13/05/2010 10:09,13/05/2010 18:09
2010,9,24/05/2010 09:05,24/05/2010 13:26
2010,9,02/06/2010 10:04,02/06/2010 13:07
2010,10,08/05/2010 09:07,08/05/2010 18:46
2010,10,20/05/2010 09:42,20/05/2010 11:46
2010,10,20/05/2010 13:05,20/05/2010 13:05
2010,10,30/05/2010 08:59,30/05/2010 12:04
2010,11,08/05/2010 08:45,08/05/2010 11:18
2010,11,09/05/2010 09:06,09/05/2010 11:09
2010,11,09/05/2010 14:34,09/05/2010 17:36
2010,11,20/05/2010 11:17,20/05/2010 11:44
2010,11,20/05/2010 11:17,20/05/2010 13:07
2010,11,24/05/2010 09:07,24/05/2010 13:25
2010,11,08/06/2010 10:19,08/06/2010 11:40
2010,12,28/05/2010 10:03,28/05/2010 13:31
2010,13,06/06/2010 17:31,06/06/2010 20:18
2010,13,08/06/2010 09:47,08/06/2010 11:39
2010,13,19/06/2010 10:53,19/06/2010 11:33
2010,15,10/05/2010 08:32,10/05/2010 12:15
2010,15,24/05/2010 11:01,24/05/2010 13:27
2010,16,28/05/2010 09:58,28/05/2010 13:25
2010,16,04/06/2010 10:06,04/06/2010 13:15
2010,17,09/05/2010 14:39,09/05/2010 19:30
2010,18,08/05/2010 08:42,08/05/2010 11:10
2010,18,24/05/2010 11:36,24/05/2010 11:55
2010,18,25/05/2010 13:31,25/05/2010 17:16
2010,18,04/06/2010 09:48,04/06/2010 13:14
2010,19,09/05/2010 14:40,09/05/2010 19:19
2010,19,28/05/2010 10:18,28/05/2010 13:37
2010,20,25/05/2010 13:30,25/05/2010 15:37
2010,20,28/05/2010 11:09,28/05/2010 11:57
2010,20,04/06/2010 10:31,04/06/2010 11:01
2010,21,08/05/2010 08:47,08/05/2010 18:48
2010,22,06/05/2010 11:38,06/05/2010 17:43
2010,22,25/05/2010 13:27,25/05/2010 15:34
2010,22,28/05/2010 10:11,28/05/2010 11:53
2010,23,08/05/2010 08:46,08/05/2010 15:42
2010,23,16/05/2010 10:21,16/05/2010 10:55
2010,23,17/05/2010 09:31,17/05/2010 13:26
2010,26,25/05/2010 13:28,25/05/2010 17:17
2010,26,28/05/2010 10:09,28/05/2010 11:54
2010,26,08/06/2010 10:36,08/06/2010 11:09
2010,26,19/06/2010 11:32,19/06/2010 12:04
2010,27,09/05/2010 14:52,09/05/2010 19:52
2010,27,24/05/2010 11:36,24/05/2010 11:55
2010,28,22/05/2010 10:11,22/05/2010 11:28
2010,29,10/05/2010 08:47,10/05/2010 15:39
2010,29,04/06/2010 09:49,04/06/2010 13:10
2010,31,09/05/2010 09:11,09/05/2010 19:25
2010,31,09/05/2010 14:30,09/05/2010 19:25
2010,31,04/06/2010 09:49,04/06/2010 13:11
2010,32,10/05/2010 08:47,10/05/2010 15:39
2010,32,28/05/2010 10:19,28/05/2010 13:36
2010,34,03/06/2010 09:30,03/06/2010 11:53
2010,35,07/05/2010 12:50,07/05/2010 16:11
2010,35,08/05/2010 14:43,08/05/2010 17:47
2010,35,24/05/2010 09:04,24/05/2010 10:46
2010,35,24/05/2010 11:38,24/05/2010 11:55
2010,35,25/05/2010 13:30,25/05/2010 15:36
2010,35,28/05/2010 10:17,28/05/2010 11:57
2010,35,30/05/2010 09:16,30/05/2010 10:25
2010,36,07/05/2010 12:43,07/05/2010 16:15
2010,36,10/05/2010 07:47,10/05/2010 16:38
2010,36,13/05/2010 10:11,13/05/2010 15:37
2010,37,09/05/2010 08:01,09/05/2010 10:41
2010,38,13/05/2010 10:33,13/05/2010 15:36
2010,38,20/05/2010 09:39,20/05/2010 13:00
2010,38,24/05/2010 11:35,24/05/2010 11:57
2010,39,09/05/2010 08:16,09/05/2010 15:58
2010,40,09/05/2010 08:10,09/05/2010 10:42
2010,40,12/05/2010 11:46,12/05/2010 12:19
2010,40,22/05/2010 10:14,22/05/2010 10:14
2010,41,28/04/2010 17:24,28/04/2010 17:27
2010,41,08/05/2010 14:55,08/05/2010 16:21
2010,41,09/05/2010 08:19,09/05/2010 15:59
2010,41,16/05/2010 10:24,16/05/2010 10:55
2010,41,17/06/2010 08:37,17/06/2010 09:08
2010,42,10/05/2010 07:41,10/05/2010 08:06
2010,43,10/05/2010 07:33,10/05/2010 11:09
2010,43,10/05/2010 13:38,10/05/2010 16:39
2010,44,10/05/2010 07:45,10/05/2010 14:38
2010,46,07/05/2010 12:51,07/05/2010 16:32
2010,46,25/05/2010 13:30,25/05/2010 17:16
2010,47,08/05/2010 14:44,08/05/2010 16:14
2010,47,09/05/2010 07:51,09/05/2010 10:02
2010,47,09/05/2010 13:28,09/05/2010 18:41
2010,47,28/05/2010 10:08,28/05/2010 13:35
2010,47,06/06/2010 18:32,06/06/2010 20:19
2010,48,09/05/2010 15:34,09/05/2010 18:27
2010,48,24/05/2010 09:46,25/05/2010 13:14
2010,49,13/05/2010 12:01,13/05/2010 18:22
2010,49,30/05/2010 09:43,30/05/2010 12:05
2010,50,13/05/2010 12:59,13/05/2010 18:18
2010,50,25/05/2010 14:06,25/05/2010 15:34
2010,50,28/05/2010 10:10,28/05/2010 11:53
2010,52,22/05/2010 10:10,22/05/2010 12:23
2010,54,02/06/2010 10:02,02/06/2010 13:05
2010,56,28/05/2010 10:21,28/05/2010 13:35
2010,56,30/05/2010 09:12,30/05/2010 12:10
2010,57,24/05/2010 09:04,24/05/2010 13:27
2010,57,03/06/2010 09:27,03/06/2010 11:50
2010,57,04/06/2010 09:46,04/06/2010 13:15
2010,59,12/05/2010 10:44,12/05/2010 13:17
2010,62,28/05/2010 10:22,28/05/2010 13:32
2010,66,07/05/2010 13:50,07/05/2010 17:15
2010,67,30/05/2010 09:14,30/05/2010 12:08
2010,68,17/05/2010 09:35,17/05/2010 10:03
2010,69,22/05/2010 11:09,22/05/2010 12:22
2010,69,24/05/2010 09:02,24/05/2010 13:27
2010,72,16/06/2010 17:41,16/06/2010 17:54
2010,73,08/05/2010 15:26,08/05/2010 18:43
2010,73,09/05/2010 08:52,09/05/2010 09:02
2010,74,08/05/2010 15:27,08/05/2010 17:16
2010,74,09/05/2010 08:52,09/05/2010 19:18
2010,74,09/05/2010 14:28,09/05/2010 16:01
2010,74,24/05/2010 11:02,24/05/2010 13:28
2010,74,30/05/2010 09:13,30/05/2010 10:27
2010,75,07/05/2010 13:41,07/05/2010 17:19
2010,75,09/05/2010 09:12,09/05/2010 14:31
2010,75,22/05/2010 10:58,22/05/2010 12:23
2010,76,02/06/2010 10:45,02/06/2010 13:04
2010,77,22/05/2010 10:09,22/05/2010 11:28
2010,77,30/05/2010 09:10,30/05/2010 12:09
2010,79,10/05/2010 08:49,10/05/2010 15:38
2010,79,17/06/2010 08:36,17/06/2010 08:59
2010,80,28/05/2010 10:06,28/05/2010 13:32
2010,80,03/06/2010 09:28,03/06/2010 11:51
2010,81,09/05/2010 09:20,09/05/2010 11:32
2010,81,09/05/2010 14:54,09/05/2010 17:41
2010,81,10/05/2010 08:49,10/05/2010 18:21
2010,82,09/05/2010 09:15,09/05/2010 14:31
2010,82,17/05/2010 11:17,17/05/2010 13:24
2010,82,30/05/2010 09:12,30/05/2010 12:21
2010,83,09/05/2010 09:15,09/05/2010 11:13
2010,83,09/05/2010 14:30,09/05/2010 17:34
2010,83,10/05/2010 08:54,10/05/2010 11:57
2010,83,10/05/2010 14:21,10/05/2010 18:26
2010,83,12/05/2010 11:34,12/05/2010 11:52
2010,85,09/05/2010 17:45,09/05/2010 19:36
2010,86,30/05/2010 09:14,30/05/2010 12:07
2010,87,13/05/2010 11:01,13/05/2010 18:17
2010,88,16/05/2010 10:31,16/05/2010 10:57
2010,88,17/05/2010 09:35,17/05/2010 13:24
2010,88,28/05/2010 10:20,28/05/2010 11:57
2010,91,24/05/2010 09:39,24/05/2010 13:26
2010,92,16/05/2010 10:23,16/05/2010 10:55
2010,92,17/05/2010 09:33,17/05/2010 12:04
2010,95,16/05/2010 10:25,16/05/2010 10:59
2010,95,17/05/2010 09:34,17/05/2010 13:25
2010,95,24/05/2010 09:03,04/06/2010 19:24
2011,1,18/04/2011 09:39,18/04/2011 13:48
2011,1,27/04/2011 13:49,27/04/2011 20:42
2011,1,04/05/2011 11:20,04/05/2011 11:24
2011,1,05/05/2011 13:47,05/05/2011 17:17
2011,1,16/05/2011 11:07,16/05/2011 11:29
2011,1,16/05/2011 16:48,16/05/2011 17:54
2011,2,05/05/2011 08:55,05/05/2011 09:11
2011,3,18/04/2011 09:49,18/04/2011 13:51
2011,3,05/05/2011 09:07,05/05/2011 10:48
2011,5,07/05/2011 10:22,07/05/2011 11:24
2011,5,07/05/2011 16:55,07/05/2011 18:11
2011,5,08/05/2011 08:56,08/05/2011 11:08
2011,6,10/05/2011 09:02,10/05/2011 11:46
2011,7,23/04/2011 09:59,23/04/2011 12:23
2011,7,25/04/2011 09:47,25/04/2011 12:15
2011,8,25/04/2011 09:48,25/04/2011 15:22
2011,8,27/04/2011 13:53,27/04/2011 16:27
2011,8,28/04/2011 11:07,28/04/2011 13:11
2011,9,25/04/2011 09:38,25/04/2011 14:20
2011,9,06/05/2011 15:24,06/05/2011 17:38
2011,10,20/04/2011 14:56,20/04/2011 20:47
2011,10,30/05/2011 09:13,30/05/2011 09:13
2011,10,30/05/2011 09:13,30/05/2011 10:24
2011,11,19/04/2011 09:21,19/04/2011 15:30
2011,12,28/04/2011 11:03,28/04/2011 11:58
2011,12,29/04/2011 16:46,29/04/2011 19:01
2011,13,19/04/2011 09:24,19/04/2011 12:37
2011,13,23/04/2011 09:58,23/04/2011 10:50
2011,13,25/04/2011 09:41,25/04/2011 14:16
2011,13,05/05/2011 14:10,05/05/2011 17:26
2011,14,23/04/2011 09:56,23/04/2011 12:22
2011,16,23/04/2011 09:55,23/04/2011 10:47
2011,16,25/04/2011 09:40,25/04/2011 15:22
2011,16,27/04/2011 13:55,27/04/2011 18:51
2011,16,08/05/2011 09:48,08/05/2011 11:07
2011,17,23/04/2011 09:55,23/04/2011 10:47
2011,17,25/04/2011 09:40,25/04/2011 14:18
2011,19,23/04/2011 09:58,23/04/2011 10:49
2011,19,25/04/2011 09:47,25/04/2011 16:53
2011,19,06/05/2011 08:36,06/05/2011 11:02
2011,19,06/05/2011 14:10,06/05/2011 17:38
2011,23,02/05/2011 12:56,02/05/2011 18:03
2011,23,06/05/2011 14:08,06/05/2011 17:41
2011,24,27/04/2011 13:33,27/04/2011 18:45
2011,25,02/05/2011 13:19,02/05/2011 18:28
2011,25,04/05/2011 11:32,04/05/2011 12:34
2011,25,05/05/2011 08:49,05/05/2011 10:47
2011,25,05/05/2011 12:51,05/05/2011 13:44
2011,25,08/05/2011 09:45,08/05/2011 10:55
2011,25,09/05/2011 09:41,09/05/2011 10:11
2011,25,09/05/2011 11:14,09/05/2011 12:21
2011,26,23/04/2011 09:45,23/04/2011 12:27
2011,26,25/04/2011 09:32,25/04/2011 12:15
2011,27,29/04/2011 16:38,29/04/2011 17:28
2011,27,02/05/2011 13:21,02/05/2011 18:28
2011,27,04/05/2011 11:27,04/05/2011 12:33
2011,27,05/05/2011 08:50,05/05/2011 10:46
2011,27,05/05/2011 12:51,05/05/2011 13:43
2011,27,11/05/2011 09:00,11/05/2011 10:42
2011,27,13/05/2011 09:23,13/05/2011 11:55
2011,28,02/05/2011 13:19,02/05/2011 18:24
2011,29,19/04/2011 09:58,19/04/2011 15:34
2011,29,28/04/2011 11:01,28/04/2011 12:00
2011,29,29/04/2011 16:41,29/04/2011 17:32
2011,29,02/05/2011 13:28,02/05/2011 18:21
2011,31,25/04/2011 09:34,25/04/2011 14:41
2011,34,04/05/2011 11:44,04/05/2011 13:12
2011,35,13/05/2011 10:12,13/05/2011 11:58
2011,36,20/04/2011 14:52,20/04/2011 17:06
2011,38,23/04/2011 09:53,23/04/2011 12:24
2011,38,23/04/2011 09:54,23/04/2011 12:24
2011,38,23/04/2011 12:24,23/04/2011 12:24
2011,38,25/04/2011 09:43,25/04/2011 15:23
2011,40,23/04/2011 09:54,23/04/2011 12:29
2011,40,25/04/2011 09:42,25/04/2011 12:19
2011,40,28/04/2011 11:04,28/04/2011 13:10
2011,42,19/04/2011 10:12,19/04/2011 15:32
2011,42,13/05/2011 10:12,13/05/2011 11:57
2011,43,25/04/2011 09:49,25/04/2011 14:13
2011,43,16/05/2011 16:44,16/05/2011 17:29
2011,45,27/04/2011 13:54,27/04/2011 20:42
2011,45,27/04/2011 17:59,27/04/2011 20:42
2011,49,25/04/2011 09:35,25/04/2011 15:21
2011,49,27/04/2011 13:38,27/04/2011 16:12
2011,49,28/04/2011 11:00,28/04/2011 11:53
2011,49,29/04/2011 16:45,29/04/2011 18:30
2011,50,23/04/2011 09:46,23/04/2011 12:29
2011,50,25/04/2011 09:36,25/04/2011 12:12
2011,50,29/04/2011 16:45,29/04/2011 17:34
2011,50,04/05/2011 12:00,04/05/2011 13:10
2011,53,23/04/2011 09:51,23/04/2011 12:25
2011,53,25/04/2011 09:28,25/04/2011 12:22
2011,55,23/04/2011 09:52,23/04/2011 12:25
2011,55,25/04/2011 09:44,25/04/2011 15:25
2011,57,20/04/2011 14:47,20/04/2011 20:51
2011,57,06/05/2011 08:37,06/05/2011 11:02
2011,57,06/05/2011 13:09,06/05/2011 15:57
2011,58,23/04/2011 10:00,23/04/2011 10:51
2011,58,25/04/2011 09:49,25/04/2011 15:19
2011,58,27/04/2011 13:49,27/04/2011 20:33
2011,58,05/05/2011 13:42,05/05/2011 15:47
2011,58,16/05/2011 09:24,16/05/2011 11:30
2011,58,16/05/2011 16:45,16/05/2011 17:53
2011,59,07/05/2011 10:12,07/05/2011 11:27
2011,59,07/05/2011 16:56,07/05/2011 18:37
2011,59,08/05/2011 08:56,08/05/2011 09:53
2011,60,27/04/2011 13:31,27/04/2011 18:45
2011,61,27/04/2011 13:35,27/04/2011 15:30
2011,61,16/05/2011 09:22,16/05/2011 11:29
2011,61,17/05/2011 09:45,17/05/2011 12:08
2011,61,02/06/2011 09:11,02/06/2011 10:06
2011,64,21/04/2011 09:48,21/04/2011 12:15
2011,64,04/05/2011 12:02,04/05/2011 12:31
2011,64,05/05/2011 08:55,05/05/2011 10:49
2011,64,05/05/2011 12:54,05/05/2011 15:44
2011,64,06/05/2011 08:37,06/05/2011 11:02
2011,64,06/05/2011 13:09,06/05/2011 15:57
2011,64,08/05/2011 09:44,08/05/2011 09:54
2011,66,06/05/2011 08:34,06/05/2011 11:01
2011,67,20/04/2011 15:15,20/04/2011 17:00
2011,67,02/05/2011 13:37,02/05/2011 18:03
2011,67,05/05/2011 09:06,05/05/2011 13:41
2011,68,20/04/2011 14:51,20/04/2011 20:49
2011,68,27/04/2011 13:58,27/04/2011 20:47
2011,71,20/04/2011 15:21,20/04/2011 20:43
2011,71,27/04/2011 13:27,27/04/2011 18:45
2011,72,16/04/2011 17:36,16/04/2011 17:38
2011,72,17/04/2011 09:33,17/04/2011 11:30
2011,72,23/04/2011 09:42,23/04/2011 12:21
2011,72,25/04/2011 09:35,25/04/2011 12:11
2011,73,18/04/2011 09:47,18/04/2011 13:47
2011,74,02/05/2011 13:43,02/05/2011 18:21
2011,77,29/04/2011 16:42,29/04/2011 17:33
2011,77,02/05/2011 13:42,02/05/2011 17:17
2011,78,23/04/2011 09:47,23/04/2011 12:28
2011,78,25/04/2011 09:31,25/04/2011 12:24
2011,79,27/04/2011 13:29,27/04/2011 20:40
2011,80,18/04/2011 09:43,18/04/2011 11:33
2011,80,19/04/2011 09:16,19/04/2011 15:19
2011,80,28/04/2011 10:59,28/04/2011 13:09
2011,80,29/04/2011 16:41,29/04/2011 17:30
2011,80,02/05/2011 13:10,02/05/2011 18:26
2011,81,28/04/2011 11:00,28/04/2011 12:04
2011,81,29/04/2011 16:42,29/04/2011 17:33
2011,81,02/05/2011 13:12,02/05/2011 18:03
2011,82,16/05/2011 09:23,16/05/2011 10:10
2011,83,27/04/2011 13:37,27/04/2011 20:39
2011,83,06/05/2011 08:41,06/05/2011 14:53
2011,84,18/04/2011 09:41,18/04/2011 11:34
2011,84,19/04/2011 09:17,19/04/2011 12:25
2011,84,20/04/2011 14:46,20/04/2011 17:12
2011,84,21/04/2011 09:46,21/04/2011 10:30
2011,84,23/04/2011 09:46,23/04/2011 10:43
2011,84,25/04/2011 09:29,25/04/2011 15:24
2011,84,27/04/2011 13:28,27/04/2011 18:48
2011,85,29/04/2011 16:42,29/04/2011 19:00
2011,85,06/05/2011 14:09,06/05/2011 14:48
2011,85,13/05/2011 09:26,13/05/2011 11:56
2011,86,29/04/2011 16:39,29/04/2011 17:29
2011,86,02/05/2011 12:53,02/05/2011 18:01
2011,88,04/05/2011 09:23,04/05/2011 10:38
2011,88,05/05/2011 08:53,05/05/2011 09:18
2011,88,05/05/2011 12:52,05/05/2011 13:44
2011,88,09/05/2011 12:17,09/05/2011 12:21
2011,89,05/05/2011 08:48,05/05/2011 10:46
2011,89,05/05/2011 12:51,05/05/2011 17:26
2011,89,18/05/2011 09:32,18/05/2011 10:14
2011,90,28/04/2011 11:13,28/04/2011 12:04
2011,90,29/04/2011 16:38,29/04/2011 19:00
2011,91,02/05/2011 12:52,02/05/2011 17:59
2011,91,17/05/2011 09:46,17/05/2011 12:47
2011,91,13/06/2011 09:09,13/06/2011 10:30
2011,92,25/04/2011 09:33,25/04/2011 14:41
2011,95,27/04/2011 13:24,27/04/2011 16:15
2011,95,02/05/2011 13:32,02/05/2011 18:19
2011,95,18/05/2011 09:33,18/05/2011 10:15
2011,101,08/06/2011 11:38,08/06/2011 12:29
2011,102,25/05/2011 09:08,25/05/2011 12:00
2011,104,13/06/2011 09:01,13/06/2011 10:16
2011,109,09/05/2011 09:57,09/05/2011 12:45
2011,114,08/06/2011 11:40,08/06/2011 12:30
2012,6,28/05/2012 09:52,28/05/2012 10:00
2012,7,02/05/2012 13:36,02/05/2012 15:42
2012,8,08/05/2012 09:00,08/05/2012 11:56
2012,8,08/05/2012 09:00,08/05/2012 11:58
2012,18,02/05/2012 13:37,02/05/2012 15:43
2012,36,28/05/2012 10:03,28/05/2012 10:26
2012,36,30/05/2012 12:22,30/05/2012 13:07
2012,37,17/05/2012 08:44,17/05/2012 10:15
2012,43,15/05/2012 10:30,15/05/2012 13:43
2012,44,15/05/2012 10:18,15/05/2012 13:40
2012,45,30/05/2012 12:23,30/05/2012 12:45
2012,46,15/05/2012 10:30,15/05/2012 11:50
2012,46,16/05/2012 07:59,16/05/2012 09:21
2012,101,05/05/2012 10:49,05/05/2012 16:01
2012,101,15/06/2012 09:20,15/06/2012 10:13
2012,102,15/05/2012 10:34,15/05/2012 11:55
2012,103,17/05/2012 08:41,17/05/2012 10:14
2012,104,13/05/2012 07:54,13/05/2012 09:52
2012,105,08/05/2012 08:57,08/05/2012 12:00
2012,105,13/05/2012 07:58,13/05/2012 07:58
2012,105,15/05/2012 10:34,15/05/2012 11:53
2012,106,11/05/2012 09:43,11/05/2012 11:28
2012,106,13/05/2012 08:03,13/05/2012 09:48
2012,107,08/05/2012 08:59,08/05/2012 11:55
2012,108,15/05/2012 10:31,15/05/2012 13:41
2012,108,21/05/2012 10:30,21/05/2012 10:46
2012,109,13/05/2012 07:54,13/05/2012 08:52
2012,109,15/05/2012 10:19,15/05/2012 13:38
2012,109,04/06/2012 09:46,04/06/2012 11:02
2012,109,04/06/2012 09:46,04/06/2012 11:27
2012,109,06/06/2012 08:59,06/06/2012 11:57
2012,110,05/05/2012 10:51,05/05/2012 15:53
2012,111,08/05/2012 08:26,08/05/2012 12:00
2012,111,30/05/2012 12:20,30/05/2012 12:40
2012,111,31/05/2012 08:48,31/05/2012 09:21
2012,112,23/05/2012 09:12,23/05/2012 11:30
2012,113,13/05/2012 07:59,13/05/2012 08:54
2012,113,15/05/2012 10:30,15/05/2012 11:51
2012,114,13/05/2012 07:59,13/05/2012 08:53
2012,114,15/05/2012 11:13,15/05/2012 11:54
2012,114,16/05/2012 08:01,16/05/2012 09:20
2012,115,15/05/2012 10:32,15/05/2012 13:39
2012,115,06/06/2012 09:04,06/06/2012 11:11
2012,115,08/06/2012 08:54,08/06/2012 09:46
2012,115,11/06/2012 08:06,11/06/2012 08:55
2012,117,08/05/2012 08:27,08/05/2012 11:55
2012,118,05/05/2012 10:56,05/05/2012 15:54
2012,119,08/05/2012 08:56,08/05/2012 11:54
2012,120,11/05/2012 09:07,11/05/2012 11:25
2012,120,13/05/2012 07:54,13/05/2012 08:51
2012,120,15/05/2012 10:20,15/05/2012 13:37
2012,120,22/05/2012 11:11,22/05/2012 12:04
2012,122,10/05/2012 09:35,10/05/2012 12:35
2012,123,13/05/2012 07:58,13/05/2012 08:53
2012,123,15/05/2012 10:33,15/05/2012 13:40
2012,124,11/05/2012 09:05,11/05/2012 11:26
2012,124,13/05/2012 07:57,13/05/2012 08:52
2012,124,07/06/2012 09:16,07/06/2012 11:19
2012,124,22/06/2012 08:04,22/06/2012 08:57
2012,126,05/05/2012 10:58,05/05/2012 15:52
2012,127,17/05/2012 08:41,17/05/2012 10:14
2012,128,17/05/2012 08:45,17/05/2012 10:15
2012,129,08/05/2012 08:28,08/05/2012 11:57
2012,130,02/05/2012 15:36,02/05/2012 15:56
2012,130,05/05/2012 10:53,05/05/2012 15:53
2012,133,31/05/2012 08:50,31/05/2012 09:23
2012,135,05/05/2012 10:51,05/05/2012 16:00
2012,135,22/05/2012 11:00,22/05/2012 13:10
2012,136,08/05/2012 08:29,08/05/2012 11:57
2012,137,28/05/2012 09:35,28/05/2012 10:25
2012,138,10/05/2012 09:40,10/05/2012 12:34
2012,139,10/05/2012 09:41,10/05/2012 12:33
2012,142,10/05/2012 09:42,10/05/2012 11:10
2012,142,11/05/2012 09:10,11/05/2012 13:00
2012,143,23/05/2012 08:48,23/05/2012 11:29
2012,144,10/05/2012 10:05,10/05/2012 11:08
2012,144,11/05/2012 09:14,11/05/2012 12:59
2012,145,08/05/2012 09:00,08/05/2012 11:57
2012,147,11/05/2012 09:40,11/05/2012 12:57
2012,150,11/05/2012 09:16,11/05/2012 12:55
2012,152,15/05/2012 10:23,15/05/2012 13:44
2012,154,08/05/2012 09:02,08/05/2012 10:56
2012,154,11/05/2012 11:09,11/05/2012 12:53
2012,154,15/05/2012 10:20,15/05/2012 13:35
2012,155,08/05/2012 08:29,08/05/2012 10:54
2012,155,10/05/2012 09:38,10/05/2012 12:31
2012,156,05/05/2012 10:59,05/05/2012 15:51
2012,157,11/05/2012 09:40,11/05/2012 12:55
2012,157,25/05/2012 11:21,25/05/2012 11:33
2012,157,25/05/2012 11:33,28/05/2012 12:32
2012,159,22/05/2012 11:01,22/05/2012 13:10
2012,160,08/05/2012 08:31,08/05/2012 11:58
2012,161,05/05/2012 10:59,05/05/2012 15:51
2012,162,15/05/2012 10:19,15/05/2012 13:37
2012,163,11/05/2012 09:15,11/05/2012 12:55
2012,163,28/05/2012 10:34,28/05/2012 10:57
2012,164,15/05/2012 10:24,15/05/2012 13:44
2012,164,23/05/2012 11:51,23/05/2012 12:53
2012,164,04/06/2012 09:48,04/06/2012 11:28
2012,166,05/05/2012 11:00,05/05/2012 15:52
2012,167,08/05/2012 08:32,08/05/2012 10:55
2012,167,10/05/2012 10:04,10/05/2012 12:31
2012,169,28/05/2012 09:37,28/05/2012 10:27
2012,169,31/05/2012 08:51,31/05/2012 09:23
2012,169,06/06/2012 09:00,06/06/2012 11:12
2012,171,10/05/2012 10:03,10/05/2012 11:06
2012,171,11/05/2012 09:12,11/05/2012 12:58
2013,101,23/05/2013 09:48,23/05/2013 11:20
2013,101,30/05/2013 08:26,30/05/2013 09:43
2013,101,30/05/2013 10:04,30/05/2013 11:52
2013,102,18/05/2013 08:15,18/05/2013 09:29
2013,102,19/05/2013 08:01,19/05/2013 11:22
2013,102,20/05/2013 07:15,20/05/2013 14:42
2013,102,30/05/2013 09:42,30/05/2013 12:36
2013,102,31/05/2013 10:20,31/05/2013 11:01
2013,103,05/05/2013 07:01,05/05/2013 12:28
2013,103,16/05/2013 08:59,16/05/2013 10:55
2013,103,17/05/2013 07:16,17/05/2013 12:11
2013,103,10/06/2013 10:15,10/06/2013 14:06
2013,104,11/05/2013 08:18,11/05/2013 12:54
2013,104,17/05/2013 09:59,17/05/2013 13:48
2013,104,27/05/2013 08:25,27/05/2013 12:07
2013,105,15/05/2013 07:11,15/05/2013 10:15
2013,105,15/05/2013 12:34,15/05/2013 15:06
2013,105,16/05/2013 08:14,16/05/2013 13:29
2013,105,27/05/2013 08:28,27/05/2013 09:41
2013,105,28/05/2013 08:08,28/05/2013 09:19
2013,105,28/05/2013 11:22,28/05/2013 11:56
2013,106,16/05/2013 09:38,16/05/2013 10:52
2013,106,17/05/2013 07:12,17/05/2013 16:10
2013,106,23/05/2013 09:53,23/05/2013 12:54
2013,106,10/06/2013 10:09,10/06/2013 13:17
2013,107,21/05/2013 07:36,21/05/2013 08:29
2013,107,21/05/2013 08:46,21/05/2013 12:22
2013,108,10/05/2013 07:11,10/05/2013 15:35
2013,108,20/05/2013 14:46,20/05/2013 17:55
2013,108,26/05/2013 08:16,26/05/2013 14:14
2013,109,10/05/2013 07:14,10/05/2013 14:33
2013,109,21/05/2013 07:35,21/05/2013 09:33
2013,109,21/05/2013 10:16,21/05/2013 14:13
2013,109,31/05/2013 10:18,31/05/2013 14:54
2013,109,06/06/2013 09:16,06/06/2013 12:15
2013,109,26/06/2013 09:14,26/06/2013 12:48
2013,110,30/05/2013 09:41,30/05/2013 13:14
2013,110,25/06/2013 10:36,25/06/2013 11:03
2013,110,26/06/2013 09:35,26/06/2013 12:38
2013,111,15/05/2013 07:05,15/05/2013 10:15
2013,111,15/05/2013 15:02,15/05/2013 17:20
2013,111,16/05/2013 08:14,16/05/2013 10:57
2013,111,17/05/2013 07:12,17/05/2013 14:29
2013,111,27/05/2013 08:23,27/05/2013 08:53
2013,111,30/05/2013 10:00,30/05/2013 12:41
2013,112,11/05/2013 08:16,11/05/2013 12:57
2013,112,21/05/2013 08:17,21/05/2013 12:22
2013,112,27/05/2013 08:26,27/05/2013 12:08
2013,113,08/05/2013 07:07,08/05/2013 11:22
2013,113,09/05/2013 07:26,09/05/2013 09:38
2013,113,10/05/2013 07:16,10/05/2013 14:34
2013,113,21/05/2013 07:37,21/05/2013 09:31
2013,113,21/05/2013 10:16,21/05/2013 12:01
2013,113,21/05/2013 12:01,21/05/2013 15:19
2013,114,06/05/2013 09:25,06/05/2013 16:55
2013,114,18/05/2013 08:10,18/05/2013 09:28
2013,114,19/05/2013 07:56,19/05/2013 12:45
2013,114,20/05/2013 07:20,20/05/2013 12:18
2013,114,20/05/2013 13:47,20/05/2013 17:56
2013,115,18/05/2013 08:14,18/05/2013 09:29
2013,115,19/05/2013 08:00,19/05/2013 14:57
2013,115,26/05/2013 08:16,26/05/2013 14:20
2013,115,28/05/2013 08:23,28/05/2013 13:50
2013,115,31/05/2013 10:20,31/05/2013 14:52
2013,116,22/05/2013 09:18,22/05/2013 15:15
2013,116,26/05/2013 12:25,26/05/2013 13:22
2013,116,03/06/2013 10:16,03/06/2013 13:18
2013,117,10/05/2013 07:19,10/05/2013 13:52
2013,117,21/05/2013 07:39,21/05/2013 09:32
2013,117,21/05/2013 10:18,21/05/2013 10:18
2013,117,22/05/2013 09:23,22/05/2013 10:27
2013,117,22/05/2013 10:47,22/05/2013 10:58
2013,117,22/05/2013 11:41,22/05/2013 13:01
2013,117,23/05/2013 08:14,23/05/2013 09:16
2013,117,23/05/2013 09:48,23/05/2013 12:57
2013,117,27/05/2013 08:30,27/05/2013 12:04
2013,118,15/05/2013 07:13,15/05/2013 10:15
2013,118,15/05/2013 07:13,15/05/2013 16:25
2013,118,03/06/2013 10:26,03/06/2013 12:02
2013,119,08/05/2013 07:05,08/05/2013 13:01
2013,119,19/05/2013 08:43,19/05/2013 12:44
2013,119,20/05/2013 07:07,20/05/2013 12:17
2013,119,31/05/2013 10:26,31/05/2013 14:48
2013,119,10/06/2013 10:13,10/06/2013 10:57
2013,120,30/05/2013 09:38,30/05/2013 14:01
2013,120,06/06/2013 09:15,06/06/2013 12:17
2013,120,18/06/2013 08:26,18/06/2013 11:52
2013,120,21/06/2013 09:28,21/06/2013 13:56
2013,120,26/06/2013 09:07,26/06/2013 12:42
2013,121,15/05/2013 07:14,15/05/2013 10:15
2013,121,15/05/2013 12:34,15/05/2013 14:29
2013,121,27/05/2013 08:40,27/05/2013 09:42
2013,121,27/05/2013 10:04,27/05/2013 10:04
2013,121,28/05/2013 08:08,28/05/2013 09:18
2013,121,28/05/2013 11:23,28/05/2013 11:56
2013,121,30/05/2013 08:25,30/05/2013 09:39
2013,121,30/05/2013 10:10,30/05/2013 11:50
2013,121,31/05/2013 09:16,31/05/2013 12:52
2013,122,18/05/2013 08:22,18/05/2013 08:22
2013,122,19/05/2013 08:00,19/05/2013 11:22
2013,122,20/05/2013 07:13,20/05/2013 14:42
2013,122,30/05/2013 09:42,30/05/2013 14:39
2013,123,09/05/2013 07:27,09/05/2013 09:37
2013,123,10/05/2013 07:13,10/05/2013 15:09
2013,123,21/05/2013 09:44,21/05/2013 14:50
2013,124,18/05/2013 08:16,18/05/2013 10:15
2013,124,19/05/2013 08:04,19/05/2013 14:55
2013,124,30/05/2013 09:43,30/05/2013 12:35
2013,124,31/05/2013 10:21,31/05/2013 14:53
2013,125,17/05/2013 10:01,17/05/2013 13:05
2013,125,19/05/2013 08:02,19/05/2013 15:27
2013,125,30/05/2013 09:41,30/05/2013 12:43
2013,125,31/05/2013 10:19,31/05/2013 11:04
2013,126,19/05/2013 08:44,19/05/2013 11:21
2013,126,20/05/2013 10:20,20/05/2013 13:08
2013,126,20/05/2013 13:49,20/05/2013 18:11
2013,126,23/05/2013 11:36,23/05/2013 14:11
2013,127,12/05/2013 07:15,12/05/2013 13:09
2013,127,22/05/2013 09:25,22/05/2013 13:33
2013,127,26/05/2013 08:51,26/05/2013 14:20
2013,128,10/05/2013 07:06,10/05/2013 15:04
2013,128,20/05/2013 14:48,20/05/2013 17:54
2013,128,26/06/2013 09:06,26/06/2013 11:03
2013,129,06/05/2013 07:14,06/05/2013 13:22
2013,129,21/05/2013 09:42,21/05/2013 14:49
2013,129,31/05/2013 10:26,31/05/2013 14:51
2013,129,10/06/2013 10:12,10/06/2013 14:05
2013,130,18/05/2013 08:09,18/05/2013 09:27
2013,130,19/05/2013 07:58,19/05/2013 11:21
2013,130,20/05/2013 07:07,20/05/2013 12:18
2013,130,21/05/2013 10:11,21/05/2013 14:47
2013,130,10/06/2013 10:02,10/06/2013 13:52
2013,130,14/06/2013 09:13,14/06/2013 13:40
2013,131,11/05/2013 08:18,11/05/2013 12:58
2013,131,21/05/2013 09:45,21/05/2013 16:08
2013,131,27/05/2013 08:30,27/05/2013 12:01
2013,131,31/05/2013 10:19,31/05/2013 14:55
2013,131,10/06/2013 10:15,10/06/2013 14:06
2013,132,02/06/2013 08:39,02/06/2013 09:45
2013,132,03/06/2013 10:15,03/06/2013 12:10
2013,132,05/06/2013 11:25,05/06/2013 12:49
2013,132,14/06/2013 09:18,14/06/2013 13:44
2013,132,18/06/2013 08:28,18/06/2013 12:14
2013,133,17/05/2013 07:19,17/05/2013 15:41
2013,133,27/05/2013 08:31,27/05/2013 09:10
2013,133,28/05/2013 11:27,28/05/2013 11:57
2013,133,30/05/2013 10:05,30/05/2013 15:18
2013,133,31/05/2013 09:15,31/05/2013 09:55
2013,133,31/05/2013 10:40,31/05/2013 11:02
2013,133,02/06/2013 08:41,02/06/2013 09:45
2013,134,14/05/2013 07:08,14/05/2013 10:31
2013,134,15/05/2013 07:03,15/05/2013 16:27
2013,135,14/05/2013 07:08,14/05/2013 13:56
2013,135,31/05/2013 10:17,31/05/2013 10:57
2013,135,18/06/2013 08:26,18/06/2013 09:15
2013,135,21/06/2013 09:29,21/06/2013 13:35
2013,136,09/05/2013 07:24,09/05/2013 12:19
2013,136,20/05/2013 14:46,20/05/2013 15:00
2013,136,21/05/2013 07:34,21/05/2013 09:30
2013,136,27/05/2013 07:04,27/05/2013 07:17
2013,136,31/05/2013 10:25,31/05/2013 14:57
2013,136,10/06/2013 10:03,10/06/2013 13:56
2013,137,14/05/2013 07:07,14/05/2013 13:55
2013,137,27/05/2013 08:24,27/05/2013 08:58
2013,137,28/05/2013 11:16,28/05/2013 11:54
2013,137,30/05/2013 10:00,30/05/2013 13:11
2013,137,10/06/2013 10:11,10/06/2013 10:52
2013,137,16/06/2013 08:33,16/06/2013 10:01
2013,138,10/05/2013 07:06,10/05/2013 13:48
2013,138,20/05/2013 14:47,20/05/2013 18:04
2013,138,03/06/2013 10:17,03/06/2013 13:19
2013,139,19/05/2013 08:38,19/05/2013 15:26
2013,139,10/06/2013 10:10,10/06/2013 14:03
2013,139,14/06/2013 09:20,14/06/2013 13:42
2013,139,26/06/2013 09:07,26/06/2013 12:36
2013,140,15/05/2013 07:03,15/05/2013 16:27
2013,140,10/06/2013 10:11,10/06/2013 14:04
2013,140,14/06/2013 09:23,14/06/2013 14:01
2013,141,17/05/2013 10:07,17/05/2013 13:50
2013,141,27/05/2013 08:25,27/05/2013 11:53
2013,141,10/06/2013 10:12,10/06/2013 10:53
2013,141,11/06/2013 17:39,11/06/2013 18:35
2013,141,21/06/2013 09:31,21/06/2013 10:12
2013,142,15/05/2013 07:09,15/05/2013 16:25
2013,142,26/05/2013 12:39,26/05/2013 15:50
2013,142,27/05/2013 08:35,27/05/2013 08:38
2013,142,31/05/2013 10:22,31/05/2013 14:50
2013,142,11/06/2013 10:11,11/06/2013 11:09
2013,143,13/05/2013 07:09,13/05/2013 12:54
2013,143,23/05/2013 08:17,23/05/2013 09:08
2013,143,23/05/2013 09:50,23/05/2013 13:00
2013,143,26/05/2013 09:25,26/05/2013 14:16
2013,143,26/06/2013 09:09,26/06/2013 12:38
2013,144,17/05/2013 07:18,17/05/2013 13:03
2013,144,30/05/2013 08:25,30/05/2013 09:41
2013,144,30/05/2013 10:10,30/05/2013 13:16
2013,144,10/06/2013 10:16,10/06/2013 13:16
2013,145,06/05/2013 09:49,06/05/2013 16:55
2013,145,17/05/2013 10:05,17/05/2013 16:10
2013,145,10/06/2013 10:02,10/06/2013 13:52
2013,146,05/05/2013 07:02,05/05/2013 09:33
2013,146,05/05/2013 12:50,05/05/2013 13:56
2013,146,06/05/2013 08:44,06/05/2013 13:24
2013,146,13/05/2013 07:05,13/05/2013 11:49
2013,146,26/05/2013 08:51,26/05/2013 14:21
2013,146,18/06/2013 08:30,18/06/2013 12:21
2013,147,10/05/2013 07:03,10/05/2013 14:32
2013,147,21/05/2013 07:41,21/05/2013 09:31
2013,147,21/05/2013 10:15,21/05/2013 14:54
2013,147,22/05/2013 09:20,22/05/2013 10:28
2013,147,22/05/2013 10:45,22/05/2013 10:58
2013,147,22/05/2013 11:40,22/05/2013 13:01
2013,147,23/05/2013 08:08,23/05/2013 09:12
2013,147,23/05/2013 09:47,23/05/2013 11:21
2013,147,23/05/2013 11:35,23/05/2013 12:55
2013,147,25/05/2013 08:12,25/05/2013 09:54
2013,147,25/05/2013 10:10,25/05/2013 13:12
2013,147,28/05/2013 11:27,28/05/2013 11:55
2013,147,31/05/2013 10:19,31/05/2013 10:57
2013,147,14/06/2013 09:25,14/06/2013 14:02
2013,147,18/06/2013 08:35,18/06/2013 12:10
2013,147,21/06/2013 09:40,21/06/2013 13:40
2013,147,29/06/2013 09:27,29/06/2013 10:15
2013,148,20/05/2013 07:09,20/05/2013 14:42
2013,148,30/05/2013 09:44,30/05/2013 12:36
2013,148,23/06/2013 15:13,23/06/2013 15:45
2013,148,25/06/2013 09:46,25/06/2013 10:30
2013,149,15/05/2013 07:01,15/05/2013 15:04
2013,149,27/05/2013 08:23,27/05/2013 11:54
2013,149,18/06/2013 08:26,18/06/2013 11:55
2013,150,26/05/2013 09:26,26/05/2013 14:22
2013,150,10/06/2013 10:11,10/06/2013 14:03
2013,151,15/05/2013 06:59,15/05/2013 13:21
2013,151,25/05/2013 10:52,25/05/2013 15:08
2013,151,10/06/2013 10:02,10/06/2013 13:54
2013,151,14/06/2013 09:12,14/06/2013 13:41
2013,151,21/06/2013 09:23,21/06/2013 10:02
2013,152,11/05/2013 08:19,11/05/2013 12:56
2013,152,21/05/2013 07:30,21/05/2013 10:45
2013,152,30/05/2013 09:39,30/05/2013 15:19
2013,152,03/06/2013 10:17,03/06/2013 13:19
2013,152,18/06/2013 08:34,18/06/2013 12:10
2013,153,08/05/2013 07:10,08/05/2013 13:01
2013,153,15/05/2013 07:08,15/05/2013 15:45
2013,153,26/05/2013 12:39,26/05/2013 15:49
2013,153,30/05/2013 09:45,30/05/2013 09:45
2013,153,31/05/2013 10:22,31/05/2013 14:51
2013,153,06/06/2013 10:16,06/06/2013 11:35
2013,154,14/05/2013 07:09,14/05/2013 13:57
2013,155,18/05/2013 08:08,18/05/2013 12:25
2013,155,28/05/2013 09:15,28/05/2013 10:16
2013,155,28/05/2013 11:15,28/05/2013 14:24
2013,156,10/05/2013 07:10,10/05/2013 13:51
2013,156,15/05/2013 07:10,15/05/2013 15:42
2013,157,19/05/2013 08:40,19/05/2013 14:51
2013,157,31/05/2013 10:17,31/05/2013 15:23
2013,157,16/06/2013 08:44,16/06/2013 09:59
2013,158,23/05/2013 08:14,23/05/2013 09:15
2013,158,23/05/2013 09:47,23/05/2013 11:21
2013,158,23/05/2013 11:35,23/05/2013 12:58
2013,158,25/05/2013 08:14,25/05/2013 09:57
2013,158,25/05/2013 10:11,25/05/2013 14:15
2013,158,10/06/2013 10:13,10/06/2013 14:03
2013,159,15/05/2013 07:15,15/05/2013 15:40
2013,159,30/05/2013 09:39,30/05/2013 15:18
2013,159,21/06/2013 09:33,21/06/2013 13:38
2013,160,10/05/2013 07:17,10/05/2013 13:53
2013,160,19/05/2013 08:03,19/05/2013 12:46
2013,160,20/05/2013 07:16,20/05/2013 12:20
2013,161,10/05/2013 07:04,10/05/2013 14:28
2013,161,21/05/2013 07:41,21/05/2013 10:44
2013,161,31/05/2013 10:18,31/05/2013 15:24
2013,161,21/06/2013 09:31,21/06/2013 13:36
2013,162,19/05/2013 08:40,19/05/2013 14:51
2013,162,30/05/2013 09:35,30/05/2013 13:19
2013,162,18/06/2013 08:32,18/06/2013 12:08
2013,162,26/06/2013 09:12,26/06/2013 12:47
2013,163,06/05/2013 09:24,06/05/2013 13:52
2013,163,17/05/2013 09:59,17/05/2013 15:05
2013,163,27/05/2013 07:35,27/05/2013 12:17
2013,164,26/06/2013 09:13,26/06/2013 12:46
2013,165,31/05/2013 10:18,31/05/2013 15:24
2013,165,18/06/2013 08:33,18/06/2013 09:22
2013,165,26/06/2013 09:13,26/06/2013 12:45
2013,166,11/05/2013 08:07,11/05/2013 12:55
2013,166,17/05/2013 07:22,17/05/2013 13:04
2013,166,30/05/2013 10:07,30/05/2013 14:02
2013,167,06/05/2013 07:19,06/05/2013 13:20
2013,167,17/05/2013 10:05,17/05/2013 15:05
2013,168,25/05/2013 08:06,25/05/2013 09:51
2013,168,27/05/2013 07:37,27/05/2013 08:13
2013,168,27/05/2013 08:31,27/05/2013 09:40
2013,168,30/05/2013 09:01,30/05/2013 11:48
2013,168,31/05/2013 09:16,31/05/2013 09:52
2013,168,31/05/2013 10:43,31/05/2013 12:48
2013,169,08/05/2013 07:02,08/05/2013 13:01
2013,169,19/05/2013 08:39,19/05/2013 15:27
2013,169,03/06/2013 10:12,03/06/2013 13:16
2013,170,10/05/2013 07:05,10/05/2013 12:59
2013,170,11/05/2013 06:54,11/05/2013 10:45
2013,170,22/05/2013 09:13,22/05/2013 10:26
2013,170,22/05/2013 10:44,22/05/2013 10:52
2013,170,22/05/2013 11:43,22/05/2013 12:59
2013,170,23/05/2013 08:08,23/05/2013 09:10
2013,170,23/05/2013 09:46,23/05/2013 12:54
2013,170,14/06/2013 09:21,14/06/2013 13:56
2013,170,26/06/2013 09:10,26/06/2013 12:43
2013,171,29/04/2013 00:00,23/05/2013 10:38
2013,171,23/05/2013 10:38,29/05/2013 10:15
2013,171,30/05/2013 09:44,30/05/2013 14:01
2013,171,03/06/2013 10:15,03/06/2013 13:23
2013,172,09/05/2013 07:19,09/05/2013 09:32
2013,172,10/05/2013 07:07,10/05/2013 12:59
2013,172,25/05/2013 09:38,25/05/2013 13:34
2013,172,10/06/2013 10:09,10/06/2013 13:59
2013,172,14/06/2013 09:19,14/06/2013 13:42
2013,173,23/05/2013 08:18,23/05/2013 09:10
2013,173,23/05/2013 09:51,23/05/2013 14:35
2013,174,11/05/2013 08:15,11/05/2013 12:55
2013,174,31/05/2013 10:26,31/05/2013 11:08
2013,174,10/06/2013 10:09,10/06/2013 10:48
2013,174,14/06/2013 09:19,14/06/2013 13:44
2013,175,05/05/2013 07:00,05/05/2013 12:27
2013,175,16/05/2013 09:00,16/05/2013 10:57
2013,175,17/05/2013 07:16,17/05/2013 13:50
2013,175,27/05/2013 08:26,27/05/2013 12:06
2013,176,20/05/2013 07:18,20/05/2013 13:06
2013,177,10/06/2013 10:17,10/06/2013 13:15
2013,178,12/05/2013 07:12,12/05/2013 12:00
2013,178,22/05/2013 09:13,22/05/2013 10:26
2013,178,22/05/2013 10:44,22/05/2013 10:52
2013,178,22/05/2013 11:43,22/05/2013 15:43
2013,178,30/05/2013 09:39,30/05/2013 13:19
2013,180,09/05/2013 07:23,09/05/2013 09:39
2013,180,10/05/2013 07:11,10/05/2013 15:34
2013,180,20/05/2013 14:44,20/05/2013 17:48
2013,180,10/06/2013 10:04,10/06/2013 10:45
2013,180,14/06/2013 09:17,14/06/2013 13:46
2013,181,10/05/2013 07:09,10/05/2013 13:51
2013,181,20/05/2013 14:45,20/05/2013 17:50
2013,181,22/05/2013 09:16,22/05/2013 13:32
2013,181,23/05/2013 09:54,23/05/2013 09:55
2013,181,31/05/2013 10:25,31/05/2013 11:10
2013,182,14/05/2013 07:11,14/05/2013 12:41
2013,182,25/05/2013 08:15,25/05/2013 11:22
2013,183,13/05/2013 07:05,13/05/2013 11:46
2013,183,23/05/2013 08:13,23/05/2013 11:21
2013,183,26/05/2013 09:25,26/05/2013 14:20
2013,184,21/05/2013 09:43,21/05/2013 16:06
2013,184,14/06/2013 09:18,14/06/2013 13:45
2013,184,18/06/2013 08:28,18/06/2013 12:14
2013,184,21/06/2013 09:26,21/06/2013 13:33
2013,185,19/05/2013 08:45,19/05/2013 12:12
2013,185,20/05/2013 07:18,20/05/2013 13:07
2013,185,30/05/2013 10:06,30/05/2013 14:04
2013,185,31/05/2013 09:14,31/05/2013 12:54
2013,186,15/05/2013 07:07,15/05/2013 16:53
2013,186,23/05/2013 08:07,23/05/2013 13:30
2013,186,03/06/2013 10:14,03/06/2013 13:16
2013,187,15/05/2013 07:11,15/05/2013 16:54
2013,187,25/05/2013 10:54,25/05/2013 15:09
2013,188,18/06/2013 08:29,18/06/2013 12:21
2013,189,15/05/2013 07:15,15/05/2013 13:29
2013,189,25/05/2013 10:55,25/05/2013 15:10
2013,189,06/06/2013 10:16,06/06/2013 12:15
2013,190,17/05/2013 07:15,17/05/2013 12:31
2013,190,18/05/2013 08:11,18/05/2013 09:29
2013,190,19/05/2013 07:55,19/05/2013 11:16
2013,190,20/05/2013 07:08,20/05/2013 13:05
2013,190,30/05/2013 09:46,30/05/2013 13:13
2013,191,26/05/2013 09:26,26/05/2013 14:22
2013,192,11/05/2013 08:16,11/05/2013 12:57
2013,192,21/05/2013 07:37,21/05/2013 09:32
2013,192,21/05/2013 10:16,21/05/2013 14:12
2013,192,21/06/2013 09:24,21/06/2013 13:56
2013,192,26/06/2013 09:07,26/06/2013 12:42
2013,193,09/05/2013 07:28,09/05/2013 09:39
2013,193,10/05/2013 07:20,10/05/2013 16:32
2013,193,21/05/2013 07:41,21/05/2013 09:33
2013,193,21/05/2013 10:19,21/05/2013 12:03
2013,193,22/05/2013 09:25,22/05/2013 10:29
2013,193,22/05/2013 10:48,22/05/2013 10:59
2013,193,22/05/2013 11:43,22/05/2013 13:02
2013,193,30/05/2013 10:05,30/05/2013 15:20
2013,193,31/05/2013 09:14,31/05/2013 09:55
2013,193,31/05/2013 10:40,31/05/2013 12:55
2013,194,10/05/2013 07:18,10/05/2013 13:01
2013,194,21/05/2013 07:38,21/05/2013 10:49
2013,194,10/06/2013 10:05,10/06/2013 13:13
2013,195,15/05/2013 07:02,15/05/2013 15:39
2013,195,25/05/2013 10:54,25/05/2013 14:14
2013,195,28/05/2013 09:16,28/05/2013 10:17
2013,195,28/05/2013 11:16,28/05/2013 11:54
2013,195,30/05/2013 09:35,30/05/2013 12:42
2013,195,31/05/2013 10:18,31/05/2013 15:24
2013,195,14/06/2013 09:23,14/06/2013 13:57
2013,195,18/06/2013 08:33,18/06/2013 11:57
2013,195,21/06/2013 09:32,21/06/2013 13:37
2013,195,26/06/2013 09:12,26/06/2013 12:44
2013,196,13/05/2013 07:09,13/05/2013 12:53
2013,196,23/05/2013 08:17,23/05/2013 09:08
2013,196,23/05/2013 09:50,23/05/2013 13:00
2013,196,30/05/2013 09:00,30/05/2013 11:50
2013,196,31/05/2013 09:17,31/05/2013 12:47
2013,197,15/05/2013 07:09,15/05/2013 07:09
2013,197,25/05/2013 10:54,25/05/2013 13:12
2013,197,30/05/2013 09:46,30/05/2013 12:34
2013,198,18/05/2013 08:13,18/05/2013 09:28
2013,198,19/05/2013 07:59,19/05/2013 14:53
2013,198,30/05/2013 09:37,30/05/2013 13:18
2013,198,06/06/2013 09:16,06/06/2013 12:16
2013,198,21/06/2013 09:34,21/06/2013 13:38
2013,199,22/05/2013 09:22,22/05/2013 15:16
2013,199,27/05/2013 08:30,27/05/2013 12:03
2013,199,28/05/2013 08:41,28/05/2013 09:19
2013,199,28/05/2013 11:23,28/05/2013 11:56
2013,199,30/05/2013 11:10,30/05/2013 11:51
2013,199,31/05/2013 09:15,31/05/2013 09:53
2013,199,31/05/2013 10:20,31/05/2013 12:52
2013,200,14/06/2013 12:41,14/06/2013 13:49
2013,200,26/06/2013 09:16,26/06/2013 12:40
2013,201,05/05/2013 07:41,05/05/2013 08:49
2013,201,06/05/2013 07:16,06/05/2013 13:24
2013,201,15/05/2013 07:13,15/05/2013 13:42
2013,201,28/05/2013 11:22,28/05/2013 14:29
2013,201,03/06/2013 10:25,03/06/2013 13:23
2013,202,10/05/2013 07:15,10/05/2013 13:03
2013,202,21/05/2013 07:36,21/05/2013 12:21
2013,202,14/06/2013 09:25,14/06/2013 14:01
2013,202,18/06/2013 08:35,18/06/2013 12:10
2013,202,21/06/2013 09:33,21/06/2013 13:57
2013,203,17/05/2013 07:20,17/05/2013 14:31
2013,203,30/05/2013 09:40,30/05/2013 12:38
2013,203,31/05/2013 10:20,11/06/2013 08:50
2013,203,14/06/2013 10:08,15/06/2013 08:29
2013,204,27/05/2013 08:29,27/05/2013 12:01
2013,205,09/05/2013 07:21,09/05/2013 09:34
2013,205,10/05/2013 07:08,10/05/2013 13:00
2013,205,20/05/2013 14:45,20/05/2013 17:51
2013,205,28/05/2013 11:17,28/05/2013 14:26
2013,206,25/05/2013 09:37,25/05/2013 13:35
2013,206,18/06/2013 08:36,18/06/2013 09:18
2013,207,21/05/2013 09:42,21/05/2013 14:51
2013,207,21/06/2013 09:25,21/06/2013 13:32
2013,208,14/05/2013 07:13,14/05/2013 13:58
2013,208,25/05/2013 08:07,25/05/2013 09:50
2013,208,25/05/2013 10:13,26/05/2013 08:32
2013,208,31/05/2013 10:25,31/05/2013 15:28
2013,208,03/06/2013 10:14,03/06/2013 13:25
2013,208,06/06/2013 09:18,06/06/2013 12:14
2013,208,21/06/2013 09:25,21/06/2013 13:53
2013,209,06/05/2013 10:13,06/05/2013 11:52
2013,209,06/05/2013 13:54,06/05/2013 14:48
2013,209,07/05/2013 07:05,07/05/2013 13:52
2013,209,18/05/2013 08:14,18/05/2013 09:30
2013,209,19/05/2013 07:59,19/05/2013 12:46
2013,209,20/05/2013 07:15,20/05/2013 12:19
2013,209,20/05/2013 13:48,20/05/2013 17:57
2013,209,27/05/2013 08:29,27/05/2013 12:02
2013,210,20/05/2013 07:19,20/05/2013 13:05
2013,210,30/05/2013 09:39,30/05/2013 13:18
2013,211,15/05/2013 07:14,15/05/2013 13:29
2013,211,25/05/2013 10:55,25/05/2013 14:15
2013,212,15/05/2013 07:06,15/05/2013 16:24
2013,212,25/05/2013 08:06,25/05/2013 09:37
2013,212,27/05/2013 08:23,27/05/2013 12:08
2013,213,22/05/2013 09:22,22/05/2013 10:29
2013,213,23/05/2013 08:12,23/05/2013 09:15
2013,213,23/05/2013 09:48,23/05/2013 14:36
2013,213,27/05/2013 08:29,27/05/2013 12:04
2013,215,17/05/2013 07:14,17/05/2013 13:01
2013,215,27/05/2013 08:26,27/05/2013 12:09
2013,216,25/05/2013 08:12,25/05/2013 09:53
2013,216,25/05/2013 10:10,25/05/2013 11:20
2013,216,28/05/2013 11:24,28/05/2013 11:56
2013,216,30/05/2013 10:07,30/05/2013 12:40
2013,216,31/05/2013 10:19,31/05/2013 10:59
2013,216,03/06/2013 10:24,03/06/2013 13:22
2013,217,22/05/2013 09:21,22/05/2013 10:30
2013,217,23/05/2013 08:11,23/05/2013 13:30
2013,217,30/05/2013 09:40,30/05/2013 12:42
2013,217,03/06/2013 10:25,03/06/2013 11:23
2013,218,10/05/2013 07:09,10/05/2013 15:10
2013,218,20/05/2013 14:44,20/05/2013 17:48
2013,219,09/05/2013 07:20,09/05/2013 09:34
2013,219,10/05/2013 07:07,10/05/2013 14:32
2013,219,20/05/2013 14:45,20/05/2013 15:03
2013,219,21/05/2013 07:31,21/05/2013 09:29
2013,219,21/05/2013 10:12,21/05/2013 15:19
2013,220,09/05/2013 07:19,09/05/2013 09:34
2013,220,10/05/2013 07:07,10/05/2013 13:05
2013,220,21/05/2013 07:31,21/05/2013 09:30
2013,220,21/05/2013 10:12,21/05/2013 11:58
2013,220,22/05/2013 09:16,22/05/2013 10:27
2013,220,22/05/2013 10:46,22/05/2013 10:54
2013,220,22/05/2013 11:39,22/05/2013 12:59
2013,220,28/05/2013 09:17,28/05/2013 10:18
2013,220,28/05/2013 11:17,28/05/2013 12:01
2013,220,30/05/2013 10:02,30/05/2013 14:39
2015,101,07/05/2015 11:05,07/05/2015 11:39
2015,101,08/05/2015 09:15,08/05/2015 11:37
2015,101,19/05/2015 12:18,19/05/2015 12:40
2015,101,24/05/2015 10:26,24/05/2015 11:30
2015,101,26/05/2015 09:12,26/05/2015 10:25
2015,103,24/05/2015 10:38,24/05/2015 11:43
2015,105,07/05/2015 11:07,07/05/2015 12:21
2015,105,04/06/2015 11:03,04/06/2015 12:40
2015,105,12/06/2015 08:56,12/06/2015 10:04
2015,107,08/05/2015 09:09,08/05/2015 11:32
2015,107,21/05/2015 12:20,21/05/2015 12:46
2015,110,03/05/2015 08:49,03/05/2015 09:46
2015,110,14/05/2015 14:20,14/05/2015 15:21
2015,111,11/05/2015 09:49,11/05/2015 12:32
2015,111,21/05/2015 12:18,21/05/2015 12:48
2015,112,19/05/2015 09:00,19/05/2015 09:29
2015,112,21/05/2015 08:07,21/05/2015 10:38
2015,113,08/05/2015 09:15,08/05/2015 10:33
2015,113,09/05/2015 14:52,09/05/2015 16:21
2015,113,19/05/2015 12:43,19/05/2015 13:44
2015,113,20/05/2015 13:36,20/05/2015 14:34
2015,113,04/06/2015 11:11,04/06/2015 12:36
2015,113,12/06/2015 08:33,12/06/2015 09:36
2015,114,16/05/2015 10:58,16/05/2015 13:26
2015,115,16/05/2015 11:05,16/05/2015 13:34
2015,115,29/05/2015 09:43,29/05/2015 11:34
2015,115,04/06/2015 11:06,04/06/2015 12:36
2015,116,07/05/2015 11:11,07/05/2015 12:22
2015,116,08/05/2015 09:16,08/05/2015 09:45
2015,116,15/05/2015 08:59,15/05/2015 10:53
2015,116,04/06/2015 11:13,04/06/2015 12:37
2015,116,08/06/2015 11:18,08/06/2015 11:54
2015,117,08/05/2015 09:16,08/05/2015 11:38
2015,117,14/05/2015 14:21,14/05/2015 15:22
2015,117,19/05/2015 12:12,19/05/2015 12:54
2015,117,25/05/2015 09:15,25/05/2015 12:28
2015,117,26/05/2015 09:15,26/05/2015 09:30
2015,117,29/05/2015 09:43,29/05/2015 11:34
2015,118,13/05/2015 09:31,13/05/2015 13:49
2015,118,23/05/2015 08:26,23/05/2015 09:38
2015,119,11/05/2015 09:54,11/05/2015 12:38
2015,119,21/05/2015 12:15,21/05/2015 13:18
2015,120,11/05/2015 09:55,11/05/2015 12:36
2015,120,22/05/2015 09:09,22/05/2015 11:51
2015,120,26/05/2015 09:12,26/05/2015 09:46
2015,120,04/06/2015 11:00,04/06/2015 12:30
2015,120,12/06/2015 08:55,12/06/2015 10:04
2015,120,16/06/2015 10:43,16/06/2015 12:32
2015,120,22/06/2015 09:11,03/07/2015 10:59
2015,122,02/05/2015 09:05,02/05/2015 11:32
2015,122,19/05/2015 12:12,19/05/2015 12:38
2015,122,23/05/2015 08:28,23/05/2015 09:21
2015,122,25/05/2015 09:49,26/05/2015 09:52
2015,122,22/06/2015 09:12,22/06/2015 10:05
2015,122,22/06/2015 09:12,22/06/2015 10:07
2015,123,11/05/2015 09:38,11/05/2015 12:29
2015,123,26/05/2015 09:31,26/05/2015 09:52
2015,123,04/06/2015 10:59,04/06/2015 12:34
2015,124,08/05/2015 09:12,08/05/2015 11:36
2015,124,23/05/2015 08:36,24/05/2015 09:22
2015,124,12/06/2015 08:55,12/06/2015 10:03
2015,125,08/05/2015 09:15,08/05/2015 11:41
2015,126,11/05/2015 09:50,11/05/2015 12:39
2015,127,11/05/2015 09:39,11/05/2015 12:31
2015,127,19/05/2015 08:59,19/05/2015 09:38
2015,127,21/05/2015 08:04,21/05/2015 10:36
2015,128,08/05/2015 09:17,08/05/2015 11:39
2015,128,14/05/2015 14:20,14/05/2015 15:21
2015,128,04/06/2015 11:07,04/06/2015 12:37
2015,129,01/05/2015 16:02,01/05/2015 17:20
2015,129,04/05/2015 08:26,04/05/2015 09:45
2015,129,14/05/2015 14:21,14/05/2015 15:28
2015,129,15/05/2015 09:16,15/05/2015 10:13
2015,129,16/05/2015 08:59,04/06/2015 09:40
2015,129,04/06/2015 11:09,04/06/2015 12:37
2015,129,08/06/2015 10:12,08/06/2015 11:53
2015,129,12/06/2015 08:57,12/06/2015 10:05
2015,131,11/05/2015 10:00,11/05/2015 12:33
2015,132,08/05/2015 09:15,08/05/2015 11:38
2015,133,11/05/2015 09:51,11/05/2015 12:40
2015,133,28/05/2015 08:50,28/05/2015 09:31
2015,134,07/05/2015 11:10,07/05/2015 11:43
2015,134,08/05/2015 09:13,08/05/2015 11:37
2015,134,09/05/2015 14:52,09/05/2015 16:21
2015,134,08/06/2015 11:18,08/06/2015 11:54
2015,134,12/06/2015 09:00,12/06/2015 10:06
2015,135,13/05/2015 09:38,13/05/2015 13:44
2015,135,23/05/2015 08:45,23/05/2015 09:23
2015,135,24/05/2015 10:33,24/05/2015 11:46
2015,136,02/05/2015 09:04,02/05/2015 11:31
2015,136,19/05/2015 12:15,19/05/2015 12:39
2015,136,08/06/2015 10:11,08/06/2015 11:53
2015,137,28/05/2015 08:52,28/05/2015 09:32
2015,139,20/05/2015 13:38,20/05/2015 14:34
2015,141,16/05/2015 10:56,16/05/2015 13:23
2015,141,19/05/2015 08:58,19/05/2015 09:29
2015,141,21/05/2015 08:05,21/05/2015 10:35
2015,142,16/05/2015 10:57,16/05/2015 13:23
2015,143,13/05/2015 09:31,13/05/2015 13:47
2015,144,16/05/2015 11:05,16/05/2015 13:35
2015,145,23/05/2015 08:28,23/05/2015 09:41
2015,145,24/05/2015 10:29,02/06/2015 10:44
2015,146,22/05/2015 09:16,22/05/2015 11:54
2015,146,26/05/2015 09:17,26/05/2015 10:36
2015,147,11/05/2015 09:54,11/05/2015 12:38
2015,147,21/05/2015 12:15,21/05/2015 13:15
2015,147,22/05/2015 08:09,22/05/2015 09:32
2015,148,13/05/2015 09:35,13/05/2015 13:39
2015,148,04/06/2015 11:12,04/06/2015 12:40
2015,149,11/05/2015 09:39,11/05/2015 12:31
2015,149,21/05/2015 12:16,21/05/2015 13:13
2015,149,22/05/2015 08:07,22/05/2015 09:30
2015,150,19/05/2015 09:01,19/05/2015 09:31
2015,150,21/05/2015 08:08,21/05/2015 10:37
2015,150,26/05/2015 09:15,26/05/2015 10:38
2015,151,08/05/2015 09:13,08/05/2015 11:43
2015,151,19/05/2015 12:16,19/05/2015 12:36
2015,151,03/06/2015 11:15,03/06/2015 12:40
2015,152,16/05/2015 11:04,16/05/2015 13:34
2015,152,26/05/2015 09:18,26/05/2015 10:35
2015,153,04/05/2015 08:25,04/05/2015 09:44
2015,153,22/05/2015 09:12,22/05/2015 11:52
2015,153,23/05/2015 09:53,23/05/2015 10:46
2015,153,24/05/2015 10:27,24/05/2015 11:19
2015,154,07/05/2015 11:11,07/05/2015 11:41
2015,154,08/05/2015 09:17,08/05/2015 11:44
2015,154,26/05/2015 09:13,26/05/2015 10:37
2015,156,19/05/2015 08:58,19/05/2015 09:29
2015,156,21/05/2015 08:09,21/05/2015 10:42
2015,156,26/05/2015 09:08,26/05/2015 10:40
2015,156,04/06/2015 11:03,04/06/2015 12:30
2015,157,02/05/2015 09:07,02/05/2015 11:34
2015,158,13/05/2015 09:28,13/05/2015 13:36
2015,159,11/05/2015 09:41,11/05/2015 12:28
2015,159,21/05/2015 12:12,21/05/2015 13:13
2015,159,22/05/2015 08:06,22/05/2015 09:29
2015,159,04/06/2015 11:00,04/06/2015 12:35
2015,164,11/05/2015 09:52,11/05/2015 12:41
2015,165,19/05/2015 12:44,19/05/2015 13:44
2015,166,11/05/2015 09:56,11/05/2015 12:37
2015,166,21/05/2015 12:13,21/05/2015 12:29
2015,167,02/05/2015 09:06,02/05/2015 10:10
2015,167,03/05/2015 08:51,03/05/2015 09:46
2015,167,16/06/2015 10:06,16/06/2015 12:14
2015,167,22/06/2015 09:12,22/06/2015 10:07
2015,168,16/05/2015 09:02,16/05/2015 10:06
2015,169,08/05/2015 09:11,08/05/2015 11:34
2015,170,08/05/2015 09:04,08/05/2015 11:41
2015,170,09/05/2015 15:01,09/05/2015 16:23
2015,170,19/05/2015 12:41,19/05/2015 13:05
2015,170,23/05/2015 08:31,23/05/2015 09:37
2015,170,24/05/2015 10:29,24/05/2015 11:34
2015,170,04/06/2015 11:05,04/06/2015 13:10
2015,170,08/06/2015 10:04,22/06/2015 14:10
2015,171,22/05/2015 09:15,22/05/2015 12:22
2015,173,07/05/2015 11:14,07/05/2015 12:22
2015,173,08/05/2015 09:17,08/05/2015 10:04
2015,174,11/05/2015 09:47,11/05/2015 12:31
2015,174,08/06/2015 10:04,08/06/2015 11:37
2015,175,13/05/2015 09:33,13/05/2015 11:05
2015,175,16/05/2015 11:01,16/05/2015 13:28
2015,177,13/05/2015 09:30,13/05/2015 13:52
2015,177,23/05/2015 08:24,23/05/2015 09:17
2015,177,04/06/2015 10:58,04/06/2015 12:28
2015,177,08/06/2015 10:12,08/06/2015 11:36
2015,178,11/05/2015 09:38,11/05/2015 11:13
2015,178,13/05/2015 09:23,13/05/2015 13:51
2015,178,23/05/2015 08:27,23/05/2015 09:19
2015,179,11/05/2015 09:45,11/05/2015 12:33
2015,179,08/06/2015 10:15,08/06/2015 11:38
2015,180,16/05/2015 11:06,16/05/2015 12:15
2015,181,08/05/2015 09:20,08/05/2015 11:42
2015,181,08/05/2015 09:42,08/05/2015 11:42
2015,181,19/05/2015 12:14,19/05/2015 13:04
2015,181,04/06/2015 11:15,04/06/2015 12:39
2015,182,08/05/2015 09:30,08/05/2015 11:42
2015,182,09/05/2015 14:53,09/05/2015 16:21
2015,182,19/05/2015 12:11,19/05/2015 13:43
2015,182,20/05/2015 13:31,20/05/2015 14:33
2015,182,04/06/2015 11:12,04/06/2015 12:37
2015,182,16/06/2015 10:06,16/06/2015 12:14
2015,184,13/05/2015 09:34,13/05/2015 13:46
2015,185,08/05/2015 09:16,08/05/2015 09:35
2015,185,16/05/2015 10:55,16/05/2015 12:15
2015,185,19/05/2015 12:21,19/05/2015 13:03
2015,185,04/06/2015 10:58,04/06/2015 12:32
2015,186,22/05/2015 09:09,22/05/2015 11:48
2015,186,23/05/2015 09:55,23/05/2015 10:51
2015,186,26/05/2015 09:09,26/05/2015 14:52
2015,186,12/06/2015 08:55,12/06/2015 10:04
2015,187,11/05/2015 09:56,11/05/2015 12:37
2015,187,21/05/2015 12:20,21/05/2015 12:31
2015,188,13/05/2015 09:39,13/05/2015 13:45
2015,189,11/05/2015 10:00,11/05/2015 12:38
2015,189,21/05/2015 12:13,21/05/2015 13:15
2015,189,22/05/2015 08:07,22/05/2015 09:36
2015,189,23/05/2015 08:24,23/05/2015 09:16
2015,189,04/06/2015 10:58,04/06/2015 12:29
2015,191,07/05/2015 11:14,07/05/2015 12:22
2015,191,08/05/2015 09:13,08/05/2015 10:35
2015,191,13/05/2015 09:38,13/05/2015 13:43
2015,191,23/05/2015 08:46,23/05/2015 09:40
2015,192,13/05/2015 09:29,13/05/2015 13:53
2015,192,23/05/2015 08:26,23/05/2015 09:37
2015,192,04/06/2015 11:03,04/06/2015 12:31
2015,193,11/05/2015 09:58,11/05/2015 12:36
2015,193,24/05/2015 10:26,24/05/2015 11:16
2015,193,26/05/2015 09:11,26/05/2015 10:40
2015,193,22/06/2015 09:17,22/06/2015 10:08
2015,194,08/05/2015 09:23,08/05/2015 11:39
2015,194,08/05/2015 09:23,08/05/2015 11:39
2015,194,11/05/2015 09:45,11/05/2015 10:18
2015,194,08/06/2015 10:06,08/06/2015 11:42
2015,195,02/05/2015 09:04,02/05/2015 11:31
2015,195,13/05/2015 09:27,13/05/2015 11:24
2015,195,14/05/2015 14:19,14/05/2015 15:28
2015,195,19/05/2015 12:17,19/05/2015 13:04
2015,195,21/05/2015 12:18,21/05/2015 12:48
2015,195,28/05/2015 08:39,04/06/2015 11:52
2015,196,16/05/2015 09:09,16/05/2015 10:03
2015,196,16/05/2015 11:02,16/05/2015 13:29
2015,196,22/05/2015 10:46,22/05/2015 11:57
2015,196,23/05/2015 09:51,23/05/2015 10:52
2015,197,07/05/2015 11:15,07/05/2015 12:24
2015,197,08/05/2015 09:25,08/05/2015 09:44
2015,197,16/05/2015 08:58,16/05/2015 10:58
2015,197,29/05/2015 09:44,29/05/2015 11:34
2015,197,08/06/2015 10:08,08/06/2015 11:43
2015,199,11/05/2015 09:43,11/05/2015 12:30
2015,199,20/05/2015 13:35,20/05/2015 14:33
2015,200,08/05/2015 09:18,08/05/2015 11:44
2015,200,16/05/2015 11:02,16/05/2015 13:29
2015,200,22/05/2015 08:10,22/05/2015 09:31
2015,200,26/05/2015 09:15,26/05/2015 10:38
2015,200,12/06/2015 09:01,12/06/2015 10:08
2015,201,04/06/2015 11:11,04/06/2015 12:39
2015,202,02/05/2015 09:09,02/05/2015 09:51
2015,202,02/05/2015 10:13,02/05/2015 11:32
2015,202,13/05/2015 09:33,13/05/2015 13:41
2015,202,14/05/2015 14:22,14/05/2015 15:23
2015,203,04/06/2015 11:01,04/06/2015 12:33
2015,205,11/05/2015 09:57,11/05/2015 11:16
2015,205,16/05/2015 10:57,16/05/2015 13:25
2015,205,21/05/2015 08:07,21/05/2015 10:35
2015,205,04/06/2015 11:02,04/06/2015 12:31
2015,205,04/06/2015 11:02,04/06/2015 12:31
2015,207,08/05/2015 09:13,08/05/2015 11:37
2015,207,08/05/2015 11:38,11/05/2015 10:16
2015,207,19/05/2015 12:20,19/05/2015 13:46
2015,207,21/05/2015 12:12,21/05/2015 12:31
2015,208,02/05/2015 09:03,02/05/2015 11:30
2015,208,13/05/2015 09:28,13/05/2015 13:36
2015,208,14/05/2015 14:19,14/05/2015 15:27
2015,208,19/05/2015 12:17,19/05/2015 12:41
2015,208,20/05/2015 13:31,20/05/2015 14:33
2015,208,26/05/2015 09:19,26/05/2015 10:03
2015,208,04/06/2015 11:05,04/06/2015 12:36
2015,208,08/06/2015 10:06,08/06/2015 11:41
2015,209,04/05/2015 08:24,04/05/2015 09:06
2015,209,07/05/2015 11:10,07/05/2015 12:22
2015,209,16/05/2015 11:00,16/05/2015 13:27
2015,210,11/05/2015 09:40,11/05/2015 12:31
2015,210,20/05/2015 13:32,20/05/2015 14:33
2015,210,24/05/2015 10:29,24/05/2015 11:20
2015,211,11/05/2015 09:41,11/05/2015 12:27
2015,211,16/06/2015 10:06,16/06/2015 12:14
2015,212,11/05/2015 09:38,11/05/2015 12:27
2016,101,05/05/2016 12:16,05/05/2016 13:11
2016,101,07/05/2016 09:34,07/05/2016 12:35
2016,101,16/05/2016 12:05,16/05/2016 13:36
2016,101,20/06/2016 14:08,20/06/2016 15:20
2016,102,16/05/2016 08:17,16/05/2016 11:52
2016,102,20/05/2016 09:31,20/05/2016 11:20
2016,102,21/05/2016 15:03,21/05/2016 16:50
2016,102,29/05/2016 09:58,29/05/2016 11:26
2016,102,31/05/2016 10:53,31/05/2016 12:12
2016,102,08/06/2016 10:49,08/06/2016 11:59
2016,103,16/05/2016 08:26,16/05/2016 09:59
2016,103,17/05/2016 08:54,17/05/2016 09:19
2016,103,18/05/2016 10:39,18/05/2016 19:32
2016,104,16/05/2016 12:15,16/05/2016 12:32
2016,104,29/05/2016 09:25,29/05/2016 11:06
2016,104,31/05/2016 10:51,31/05/2016 11:42
2016,104,02/06/2016 09:32,02/06/2016 11:02
2016,104,03/06/2016 10:13,03/06/2016 10:49
2016,104,08/06/2016 10:39,08/06/2016 11:25
2016,105,08/05/2016 12:11,08/05/2016 13:11
2016,105,09/05/2016 13:07,09/05/2016 13:37
2016,105,11/05/2016 15:16,11/05/2016 18:44
2016,105,18/05/2016 14:06,18/05/2016 15:51
2016,105,29/05/2016 09:27,29/05/2016 11:09
2016,107,16/05/2016 08:05,16/05/2016 09:54
2016,107,17/05/2016 08:48,17/05/2016 09:15
2016,107,18/05/2016 10:36,18/05/2016 19:25
2016,109,07/05/2016 09:39,07/05/2016 12:39
2016,110,09/05/2016 13:11,09/05/2016 13:42
2016,110,11/05/2016 15:12,11/05/2016 18:52
2016,110,03/06/2016 10:17,03/06/2016 11:24
2016,110,08/06/2016 10:51,08/06/2016 12:01
2016,111,09/05/2016 13:10,09/05/2016 13:49
2016,111,11/05/2016 15:12,11/05/2016 15:47
2016,111,16/05/2016 08:22,16/05/2016 10:01
2016,111,18/05/2016 08:22,18/05/2016 09:37
2016,112,09/05/2016 13:13,09/05/2016 13:42
2016,112,11/05/2016 11:37,11/05/2016 12:05
2016,112,16/05/2016 08:23,16/05/2016 11:55
2016,112,29/05/2016 10:09,29/05/2016 12:33
2016,112,03/06/2016 10:19,03/06/2016 10:45
2016,114,02/06/2016 09:31,02/06/2016 11:03
2016,114,08/06/2016 09:17,08/06/2016 10:40
2016,115,24/05/2016 11:00,24/05/2016 13:35
2016,115,29/05/2016 09:43,29/05/2016 10:31
2016,116,29/05/2016 09:28,29/05/2016 10:20
2016,117,21/05/2016 15:02,21/05/2016 15:45
2016,118,07/05/2016 09:40,07/05/2016 12:37
2016,119,05/05/2016 09:48,05/05/2016 13:07
2016,121,31/05/2016 10:54,31/05/2016 12:13
2016,122,16/05/2016 08:05,16/05/2016 11:50
2016,122,29/05/2016 09:36,29/05/2016 10:54
2016,122,08/06/2016 09:19,08/06/2016 11:33
2016,123,09/05/2016 13:05,09/05/2016 13:46
2016,123,11/05/2016 15:15,11/05/2016 18:40
2016,123,18/05/2016 14:19,18/05/2016 15:48
2016,123,08/06/2016 09:54,08/06/2016 11:22
2016,123,13/06/2016 08:43,13/06/2016 10:50
2016,123,20/06/2016 14:08,20/06/2016 14:48
2016,124,24/05/2016 10:56,24/05/2016 13:30
2016,124,29/05/2016 09:33,29/05/2016 10:53
2016,124,08/06/2016 10:33,08/06/2016 11:32
2016,125,30/04/2016 10:24,30/04/2016 11:16
2016,125,02/05/2016 10:18,02/05/2016 12:15
2016,125,11/05/2016 11:30,11/05/2016 12:26
2016,126,20/05/2016 09:30,20/05/2016 11:15
2016,127,09/05/2016 13:14,09/05/2016 13:39
2016,127,11/05/2016 15:10,11/05/2016 18:48
2016,127,18/05/2016 14:15,18/05/2016 15:15
2016,127,29/05/2016 09:44,29/05/2016 11:13
2016,128,08/06/2016 09:20,08/06/2016 11:35
2016,128,13/06/2016 08:44,13/06/2016 10:52
2016,128,20/06/2016 14:05,20/06/2016 14:50
2016,129,18/05/2016 10:37,18/05/2016 19:30
2016,130,11/05/2016 15:11,11/05/2016 18:52
2016,130,18/05/2016 14:11,18/05/2016 16:01
2016,130,20/05/2016 09:32,20/05/2016 11:17
2016,130,29/05/2016 09:47,29/05/2016 12:32
2016,132,16/05/2016 08:19,16/05/2016 11:54
2016,132,03/06/2016 10:20,03/06/2016 11:14
2016,132,08/06/2016 09:28,08/06/2016 11:41
2016,132,13/06/2016 09:01,13/06/2016 10:56
2016,132,20/06/2016 14:05,20/06/2016 14:52
2016,134,20/05/2016 09:31,20/05/2016 11:14
2016,134,24/05/2016 10:58,24/05/2016 11:48
2016,134,29/05/2016 09:38,29/05/2016 11:10
2016,135,09/05/2016 13:10,09/05/2016 13:43
2016,135,11/05/2016 15:12,11/05/2016 18:53
2016,135,18/05/2016 10:38,18/05/2016 19:36
2016,136,16/05/2016 08:26,16/05/2016 11:56
2016,137,13/06/2016 09:01,13/06/2016 10:55
2016,138,13/05/2016 14:12,13/05/2016 14:50
2016,138,16/05/2016 08:13,16/05/2016 10:07
2016,138,20/06/2016 14:11,20/06/2016 15:21
2016,139,17/05/2016 08:49,17/05/2016 09:35
2016,139,08/06/2016 09:19,08/06/2016 11:35
2016,140,13/05/2016 14:16,13/05/2016 14:45
2016,140,16/05/2016 08:20,16/05/2016 11:53
2016,140,24/05/2016 11:04,24/05/2016 13:32
2016,140,29/05/2016 09:55,29/05/2016 12:30
2016,141,29/05/2016 09:41,29/05/2016 11:20
2016,142,07/05/2016 09:36,07/05/2016 12:39
2016,142,16/05/2016 12:06,16/05/2016 13:39
2016,143,04/05/2016 15:10,04/05/2016 15:46
2016,143,05/05/2016 09:54,05/05/2016 09:54
2016,143,16/05/2016 12:16,16/05/2016 13:15
2016,143,29/05/2016 09:46,29/05/2016 12:39
2016,143,03/06/2016 10:18,03/06/2016 11:12
2016,147,26/05/2016 09:12,26/05/2016 10:20
2016,148,11/05/2016 15:10,11/05/2016 18:49
2016,148,18/05/2016 14:14,18/05/2016 16:00
2016,148,21/05/2016 15:05,21/05/2016 16:52
2016,149,08/06/2016 09:23,08/06/2016 11:59
2016,150,05/05/2016 12:24,05/05/2016 13:25
2016,150,07/05/2016 09:42,07/05/2016 12:40
2016,150,16/05/2016 12:17,16/05/2016 13:42
2016,152,08/05/2016 12:12,08/05/2016 13:20
2016,152,09/05/2016 10:45,09/05/2016 11:36
2016,152,11/05/2016 15:14,11/05/2016 18:47
2016,152,17/05/2016 08:50,17/05/2016 09:40
2016,152,18/05/2016 14:16,18/05/2016 16:03
2016,152,29/05/2016 09:48,29/05/2016 12:27
2016,153,16/05/2016 08:14,16/05/2016 11:49
2016,153,17/05/2016 08:49,17/05/2016 09:35
2016,154,09/05/2016 13:11,09/05/2016 13:40
2016,154,11/05/2016 15:11,11/05/2016 18:51
2016,154,18/05/2016 14:10,18/05/2016 16:00
2016,155,13/05/2016 10:02,13/05/2016 10:27
2016,155,16/05/2016 08:15,16/05/2016 09:55
2016,155,17/05/2016 08:53,17/05/2016 09:37
2016,155,18/05/2016 08:19,18/05/2016 19:30
2016,156,09/05/2016 13:12,09/05/2016 13:44
2016,156,11/05/2016 15:13,11/05/2016 15:52
2016,156,24/05/2016 11:07,24/05/2016 13:34
2016,157,08/05/2016 12:17,08/05/2016 13:40
2016,157,09/05/2016 13:14,09/05/2016 13:49
2016,157,11/05/2016 15:10,11/05/2016 15:51
2016,157,16/05/2016 08:24,16/05/2016 10:02
2016,157,18/05/2016 10:41,18/05/2016 19:37
2016,157,29/05/2016 09:45,29/05/2016 12:31
2016,158,08/05/2016 12:20,08/05/2016 13:18
2016,158,09/05/2016 10:48,09/05/2016 11:37
2016,158,20/05/2016 10:29,20/05/2016 10:57
2016,158,21/05/2016 15:05,21/05/2016 16:54
2016,158,29/05/2016 10:10,29/05/2016 12:35
2016,159,17/05/2016 08:54,17/05/2016 09:41
2016,159,18/05/2016 08:21,18/05/2016 09:02
2016,162,04/05/2016 15:16,04/05/2016 15:51
2016,162,05/05/2016 09:49,05/05/2016 13:09
2016,162,16/05/2016 12:12,16/05/2016 13:43
2016,162,18/05/2016 08:22,18/05/2016 09:02
2016,162,18/05/2016 10:37,18/05/2016 19:32
2016,162,29/05/2016 10:06,29/05/2016 11:34
2016,162,07/06/2016 09:58,08/06/2016 11:43
2016,162,13/06/2016 09:01,13/06/2016 10:57
2016,163,08/06/2016 09:12,08/06/2016 10:30
2016,164,03/05/2016 09:32,03/05/2016 11:41
2016,164,11/05/2016 11:29,11/05/2016 12:04
2016,164,24/05/2016 11:01,24/05/2016 13:37
2016,164,29/05/2016 09:44,29/05/2016 11:14
2016,164,08/06/2016 09:39,08/06/2016 11:44
2016,166,03/05/2016 09:33,03/05/2016 10:30
2016,166,04/05/2016 10:57,04/05/2016 12:33
2016,166,18/05/2016 14:10,18/05/2016 15:56
2016,167,02/05/2016 10:45,02/05/2016 12:17
2016,167,11/05/2016 11:28,11/05/2016 12:02
2016,168,09/05/2016 13:06,09/05/2016 13:34
2016,168,11/05/2016 15:17,11/05/2016 18:41
2016,170,04/05/2016 15:17,04/05/2016 15:52
2016,170,05/05/2016 09:51,05/05/2016 10:10
2016,170,29/05/2016 09:39,29/05/2016 11:19
2016,170,03/06/2016 10:16,03/06/2016 11:04
2016,171,08/05/2016 12:16,08/05/2016 13:07
2016,171,09/05/2016 13:06,09/05/2016 13:46
2016,171,11/05/2016 15:17,11/05/2016 18:42
2016,171,17/05/2016 08:51,17/05/2016 09:19
2016,171,18/05/2016 10:36,18/05/2016 19:20
2016,173,04/05/2016 10:56,04/05/2016 12:34
2016,173,05/05/2016 12:20,05/05/2016 13:23
2016,173,24/05/2016 11:03,24/05/2016 12:07
2016,173,29/05/2016 09:49,29/05/2016 12:28
2016,173,02/06/2016 09:34,02/06/2016 11:06
2016,173,08/06/2016 09:26,08/06/2016 11:56
2016,175,24/05/2016 11:02,24/05/2016 13:33
2016,175,29/05/2016 09:49,29/05/2016 12:26
2016,176,05/05/2016 12:18,05/05/2016 14:26
2016,176,07/05/2016 09:34,07/05/2016 12:36
2016,176,16/05/2016 12:05,16/05/2016 13:36
2016,176,18/05/2016 08:17,18/05/2016 19:21
2016,176,29/05/2016 09:26,29/05/2016 11:09
2016,177,24/05/2016 11:00,24/05/2016 12:07
2016,177,26/05/2016 08:00,29/05/2016 11:15
2016,181,05/05/2016 12:38,05/05/2016 13:37
2016,181,09/05/2016 13:09,09/05/2016 13:48
2016,181,11/05/2016 15:18,11/05/2016 18:42
2016,182,11/05/2016 15:16,11/05/2016 18:40
2016,182,18/05/2016 14:18,18/05/2016 15:47
2016,182,08/06/2016 09:14,08/06/2016 11:21
2016,182,13/06/2016 08:59,13/06/2016 09:50
2016,182,20/06/2016 14:08,20/06/2016 15:18
2016,184,02/05/2016 10:24,02/05/2016 12:14
2016,184,05/05/2016 12:32,05/05/2016 13:13
2016,185,24/05/2016 11:05,24/05/2016 11:56
2016,185,03/06/2016 10:22,03/06/2016 22:23
2016,186,11/05/2016 11:32,11/05/2016 12:26
2016,186,18/05/2016 14:07,18/05/2016 15:01
2016,186,24/05/2016 11:00,24/05/2016 13:38
2016,187,03/06/2016 10:16,03/06/2016 10:42
2016,187,08/06/2016 09:47,08/06/2016 11:45
2016,188,07/05/2016 09:42,07/05/2016 12:41
2016,189,09/05/2016 13:07,09/05/2016 13:39
2016,189,11/05/2016 15:19,11/05/2016 15:48
2016,189,16/05/2016 08:07,16/05/2016 09:54
2016,189,17/05/2016 08:49,17/05/2016 09:14
2016,189,18/05/2016 10:35,18/05/2016 19:23
2016,190,16/05/2016 08:24,16/05/2016 10:01
2016,190,17/05/2016 08:57,17/05/2016 09:41
2016,190,18/05/2016 08:21,18/05/2016 08:58
2016,190,18/05/2016 10:38,18/05/2016 19:35
2016,191,04/05/2016 15:13,04/05/2016 15:53
2016,191,05/05/2016 09:49,05/05/2016 13:09
2016,192,07/05/2016 09:41,07/05/2016 12:38
2016,192,16/05/2016 12:10,16/05/2016 13:11
2016,193,02/05/2016 10:23,02/05/2016 11:02
2016,193,03/05/2016 10:33,03/05/2016 11:40
2016,193,11/05/2016 11:34,11/05/2016 12:26
2016,193,18/05/2016 14:07,18/05/2016 15:02
2016,194,02/05/2016 10:20,02/05/2016 12:16
2016,194,09/05/2016 13:15,09/05/2016 13:37
2016,194,11/05/2016 11:33,11/05/2016 12:04
2016,195,02/05/2016 10:20,02/05/2016 11:06
2016,195,03/05/2016 09:31,03/05/2016 11:40
2016,195,11/05/2016 11:32,11/05/2016 12:27
2016,195,16/05/2016 08:12,16/05/2016 11:48
2016,195,16/05/2016 12:10,16/05/2016 13:08
2016,196,16/05/2016 08:22,16/05/2016 10:03
2016,196,18/05/2016 08:23,18/05/2016 16:02
2016,198,04/05/2016 15:15,04/05/2016 15:44
2016,198,05/05/2016 09:56,05/05/2016 13:10
2016,198,16/05/2016 12:12,16/05/2016 13:42
2016,199,16/05/2016 08:14,16/05/2016 11:28
2016,199,29/05/2016 09:38,29/05/2016 11:13
2016,201,11/05/2016 15:18,11/05/2016 15:45
2016,201,16/05/2016 08:08,16/05/2016 11:50
2016,201,08/06/2016 09:52,08/06/2016 11:26
2016,202,07/05/2016 09:36,07/05/2016 12:39
2016,202,16/05/2016 12:12,16/05/2016 13:42
2016,202,18/05/2016 08:20,18/05/2016 19:30
2016,203,21/05/2016 15:05,21/05/2016 16:53
2016,203,29/05/2016 09:46,29/05/2016 12:32
2016,204,11/05/2016 15:16,11/05/2016 15:48
2016,204,11/05/2016 15:16,11/05/2016 18:45
2016,204,18/05/2016 14:08,18/05/2016 15:54
2016,204,20/06/2016 14:11,20/06/2016 15:22
2016,205,04/05/2016 15:13,04/05/2016 15:54
2016,205,05/05/2016 09:48,05/05/2016 13:08
2016,206,08/06/2016 09:18,08/06/2016 11:28
2016,206,26/06/2016 10:08,26/06/2016 10:57
2016,206,26/06/2016 11:46,26/06/2016 11:52
2016,208,04/05/2016 15:15,04/05/2016 15:45
2016,208,05/05/2016 09:57,05/05/2016 11:02
2016,208,07/05/2016 09:37,07/05/2016 12:39
2016,208,16/05/2016 12:07,16/05/2016 13:10
2016,208,08/06/2016 09:21,08/06/2016 11:36
2016,208,20/06/2016 14:06,20/06/2016 15:21
2016,209,04/05/2016 15:17,04/05/2016 15:47
2016,209,05/05/2016 09:54,05/05/2016 13:13
2016,210,13/05/2016 14:15,13/05/2016 14:47
2016,210,16/05/2016 08:26,16/05/2016 09:59
2016,210,17/05/2016 08:55,17/05/2016 09:17
2016,211,09/05/2016 13:11,09/05/2016 13:44
2016,211,11/05/2016 15:13,11/05/2016 18:54
2016,211,18/05/2016 14:11,18/05/2016 16:02
2016,211,29/05/2016 10:08,29/05/2016 12:35
2016,212,09/05/2016 13:08,09/05/2016 13:48
